campaign_id,ad_budget,targeting_quality,ad_creative_quality,landing_page_quality,audience_size,day_of_week,impressions,click_through_rate,clicks,conversion_rate,conversions,cost_per_click,cost_per_acquisition
CAMP_0000,7803.53,16.9,75.8,95.7,130234,Saturday,122722.0,2.432,2963.0,8.741,254.6,2.63,30.65
CAMP_0001,19038.93,27.9,2.5,73.8,578302,Thursday,302995.0,1.511,4532.0,7.118,328.4,4.2,57.98
CAMP_0002,14773.88,17.7,2.2,35.3,777454,Wednesday,244173.0,1.497,3651.0,4.803,175.3,4.05,84.28
CAMP_0003,12173.84,8.9,32.4,29.7,939242,Friday,206515.0,1.468,3056.0,3.995,126.4,3.98,96.3
CAMP_0004,3542.36,12.1,48.9,35.0,890765,Thursday,75565.0,1.911,1514.0,3.813,55.0,2.34,64.4
CAMP_0005,3541.89,46.1,77.0,77.5,188570,Friday,62559.0,3.682,2344.0,6.982,163.4,1.51,21.68
CAMP_0006,1632.63,20.6,68.3,66.1,793152,Sunday,46398.0,2.376,1053.0,6.838,73.1,1.55,22.35
CAMP_0007,17390.43,36.4,44.6,18.5,807552,Thursday,283279.0,2.745,7758.0,2.896,233.4,2.24,74.5
CAMP_0008,12221.74,50.3,27.4,17.4,519733,Sunday,196816.0,2.703,5288.0,2.602,136.5,2.31,89.52
CAMP_0009,14307.42,69.0,99.7,9.8,936271,Wednesday,240042.0,5.123,12247.0,1.624,198.0,1.17,72.25
CAMP_0010,901.4,3.9,42.6,66.0,294996,Monday,22516.0,1.808,345.0,6.244,27.0,2.61,33.35
CAMP_0011,19413.24,79.9,45.1,76.4,351383,Wednesday,305613.0,3.787,11658.0,7.041,818.9,1.67,23.71
CAMP_0012,16732.63,62.8,16.4,26.5,404145,Monday,264679.0,2.875,7609.0,2.965,227.1,2.2,73.69
CAMP_0013,4640.61,8.2,79.5,2.1,742847,Sunday,90230.0,2.865,2574.0,0.867,27.4,1.8,169.54
CAMP_0014,4045.59,87.4,69.4,8.2,521603,Monday,74218.0,4.708,3519.0,1.79,60.1,1.15,67.31
CAMP_0015,4076.39,92.1,22.1,96.8,625863,Friday,79583.0,3.941,3163.0,8.42,268.0,1.29,15.21
CAMP_0016,6432.72,6.1,8.2,29.5,517365,Saturday,110954.0,0.913,1069.0,3.452,45.6,6.02,140.93
CAMP_0017,10732.75,27.7,68.0,76.9,629328,Wednesday,177821.0,2.843,5017.0,6.104,310.9,2.14,34.53
CAMP_0018,8922.93,80.6,65.5,62.5,158510,Thursday,141218.0,4.64,6572.0,5.697,375.9,1.36,23.74
CAMP_0019,6178.97,74.8,27.3,38.2,189587,Wednesday,102233.0,3.341,3370.0,4.605,154.0,1.83,40.11
CAMP_0020,12431.13,18.5,95.1,20.6,540032,Friday,203615.0,3.64,7402.0,2.195,159.5,1.68,77.95
CAMP_0021,3220.13,20.9,15.1,12.1,749180,Monday,69336.0,1.434,997.0,2.267,17.7,3.23,182.3
CAMP_0022,6196.82,37.0,43.2,61.5,445633,Friday,107112.0,2.305,2477.0,5.511,144.1,2.5,43.01
CAMP_0023,7644.06,48.5,94.4,77.5,934573,Tuesday,138211.0,4.393,6077.0,7.585,467.5,1.26,16.35
CAMP_0024,9393.36,61.8,42.0,64.4,838791,Tuesday,161294.0,3.473,5642.0,6.003,335.4,1.66,28.01
CAMP_0025,15810.93,36.9,63.9,53.0,685159,Thursday,257908.0,2.879,7395.0,5.074,376.9,2.14,41.95
CAMP_0026,4393.64,46.3,39.8,4.2,370890,Friday,79142.0,3.107,2468.0,1.363,34.2,1.78,128.51
CAMP_0027,10527.57,74.7,27.4,96.8,759122,Sunday,177819.0,3.637,6430.0,8.076,525.2,1.64,20.04
CAMP_0028,12052.08,3.7,98.4,79.9,655194,Thursday,200143.0,2.809,5768.0,7.876,456.2,2.09,26.42
CAMP_0029,1405.78,25.2,40.9,29.3,211260,Sunday,30771.0,2.083,595.0,3.994,23.7,2.36,59.41
CAMP_0030,12347.12,71.3,89.4,98.0,755219,Thursday,204980.0,4.833,9871.0,8.66,852.1,1.25,14.49
CAMP_0031,3825.22,89.5,23.0,60.2,787881,Tuesday,78834.0,3.533,2829.0,6.077,173.6,1.35,22.03
CAMP_0032,1768.51,51.2,21.3,58.2,773034,Thursday,47463.0,2.76,1288.0,6.049,76.2,1.37,23.21
CAMP_0033,19003.27,53.2,3.1,74.8,541885,Tuesday,302992.0,2.219,6767.0,6.939,470.7,2.81,40.37
CAMP_0034,19329.82,10.7,65.2,81.2,843525,Monday,310734.0,2.123,6603.0,6.94,457.9,2.93,42.21
CAMP_0035,16263.75,44.7,36.9,65.6,440442,Sunday,257936.0,2.517,6472.0,7.049,454.3,2.51,35.8
CAMP_0036,6439.97,53.3,86.4,12.8,213199,Friday,106964.0,4.615,4899.0,1.829,84.7,1.31,76.02
CAMP_0037,2404.61,24.2,47.3,33.8,386794,Thursday,49603.0,2.871,1385.0,3.402,49.7,1.74,48.41
CAMP_0038,13842.54,26.9,96.8,92.8,494585,Tuesday,222584.0,3.89,8639.0,9.244,798.8,1.6,17.33
CAMP_0039,9082.97,37.7,18.6,22.5,742722,Wednesday,157696.0,2.032,3196.0,3.102,108.1,2.84,84.04
CAMP_0040,2879.75,2.0,86.9,37.2,691777,Sunday,61296.0,2.6,1552.0,4.106,58.6,1.86,49.17
CAMP_0041,10155.95,32.2,77.7,43.2,946197,Thursday,175239.0,3.573,6255.0,3.971,251.5,1.62,40.38
CAMP_0042,1170.58,21.1,77.1,43.9,482890,Saturday,32686.0,3.084,953.0,4.917,46.5,1.23,25.19
CAMP_0043,18231.75,32.7,84.5,61.3,393100,Monday,287124.0,3.111,8971.0,7.352,670.1,2.03,27.21
CAMP_0044,5546.21,12.0,76.1,94.3,125598,Monday,91042.0,3.071,2844.0,8.985,258.2,1.95,21.48
CAMP_0045,13419.18,89.1,62.6,24.1,260100,Wednesday,210611.0,5.141,10792.0,3.174,344.1,1.24,39.0
CAMP_0046,6578.37,59.4,13.1,12.2,792877,Tuesday,118560.0,2.83,3317.0,2.333,77.0,1.98,85.46
CAMP_0047,10641.33,67.9,3.3,19.7,718521,Thursday,177613.0,2.291,4078.0,2.416,95.0,2.61,112.01
CAMP_0048,11160.85,78.9,92.1,88.7,786676,Sunday,187607.0,4.979,9403.0,7.927,746.9,1.19,14.94
CAMP_0049,4104.66,49.8,61.7,64.6,143241,Tuesday,68085.0,2.98,2103.0,5.991,119.1,1.95,34.47
CAMP_0050,19406.9,8.7,79.7,28.6,749452,Monday,309124.0,3.231,9917.0,3.0,290.8,1.96,66.73
CAMP_0051,15615.09,53.7,48.2,81.6,163124,Tuesday,243764.0,3.208,7871.0,7.351,583.7,1.98,26.75
CAMP_0052,18820.23,58.7,11.7,86.1,475065,Monday,297323.0,3.254,9671.0,7.712,737.1,1.95,25.53
CAMP_0053,17949.13,74.5,12.5,84.7,214923,Tuesday,278202.0,3.636,10113.0,7.65,772.0,1.77,23.25
CAMP_0054,12159.05,43.2,68.6,91.9,18036,Wednesday,187862.0,3.238,6108.0,8.215,496.5,1.99,24.49
CAMP_0055,18476.55,12.8,43.0,25.2,566066,Friday,291812.0,1.746,5071.0,3.139,157.2,3.64,117.54
CAMP_0056,2225.6,28.4,20.1,75.5,955238,Wednesday,58656.0,1.992,1224.0,7.08,87.5,1.82,25.42
CAMP_0057,4321.67,36.3,49.2,46.1,164245,Wednesday,72667.0,2.292,1737.0,4.768,87.7,2.49,49.26
CAMP_0058,1381.93,64.6,6.4,84.2,695763,Friday,40725.0,2.467,1078.0,8.497,97.7,1.28,14.15
CAMP_0059,6843.94,57.1,58.2,72.8,993825,Friday,125797.0,3.506,4318.0,6.866,291.9,1.58,23.45
CAMP_0060,8079.21,35.6,26.9,77.6,212747,Thursday,131921.0,2.796,3677.0,8.317,303.5,2.2,26.62
CAMP_0061,5791.31,98.7,79.8,65.6,933848,Sunday,108794.0,5.502,5889.0,6.426,398.7,0.98,14.53
CAMP_0062,16660.38,60.6,31.0,17.7,553088,Sunday,263591.0,3.008,7890.0,2.196,172.0,2.11,96.86
CAMP_0063,7456.69,23.7,45.5,54.5,297516,Thursday,122961.0,2.16,2536.0,6.035,148.7,2.94,50.16
CAMP_0064,5978.22,10.2,1.2,98.5,333660,Wednesday,101000.0,1.103,1136.0,8.838,96.8,5.26,61.74
CAMP_0065,11082.57,15.3,7.2,93.7,816970,Wednesday,188902.0,0.991,1882.0,7.302,136.2,5.89,81.35
CAMP_0066,3248.02,24.6,39.2,4.3,860350,Monday,70257.0,2.204,1527.0,1.343,18.5,2.13,175.12
CAMP_0067,16142.84,16.1,48.0,16.5,942477,Monday,267105.0,1.99,5276.0,2.194,114.6,3.06,140.88
CAMP_0068,1953.74,18.7,60.0,13.2,343299,Sunday,40502.0,2.104,868.0,2.857,24.7,2.25,79.12
CAMP_0069,19744.3,28.5,29.2,72.6,765600,Thursday,317871.0,1.786,5625.0,6.359,357.6,3.51,55.22
CAMP_0070,15558.77,17.3,69.5,81.8,69500,Saturday,239019.0,2.607,6177.0,7.376,450.9,2.52,34.51
CAMP_0071,4374.96,89.7,86.0,21.4,177647,Saturday,74699.0,5.262,3870.0,3.342,131.2,1.13,33.35
CAMP_0072,607.68,8.0,78.0,50.6,246527,Thursday,18392.0,2.625,473.0,5.244,25.4,1.29,23.94
CAMP_0073,16401.5,52.5,4.0,84.1,445477,Monday,259796.0,2.146,5546.0,7.64,426.2,2.96,38.48
CAMP_0074,14283.72,41.0,48.1,73.3,644947,Sunday,230758.0,2.786,6409.0,6.484,407.0,2.23,35.09
CAMP_0075,14715.64,98.2,10.5,54.2,562004,Sunday,237371.0,4.114,9792.0,5.514,540.7,1.5,27.22
CAMP_0076,15539.77,11.2,24.2,59.0,406452,Monday,247475.0,1.726,4319.0,5.708,236.6,3.6,65.68
CAMP_0077,1943.87,39.8,98.7,50.8,419064,Saturday,41790.0,4.12,1794.0,4.683,83.1,1.08,23.38
CAMP_0078,7490.08,96.9,14.2,29.8,12352,Tuesday,116307.0,3.841,4470.0,3.022,138.4,1.68,54.12
CAMP_0079,2759.45,86.6,49.9,56.5,143004,Tuesday,49679.0,4.232,2120.0,5.113,113.6,1.3,24.29
CAMP_0080,17330.52,81.7,61.8,68.9,872881,Monday,280501.0,3.644,10230.0,6.015,617.0,1.69,28.09
CAMP_0081,12654.31,25.8,70.2,87.3,542844,Tuesday,207298.0,3.036,6210.0,8.454,528.3,2.04,23.95
CAMP_0082,6952.51,17.1,56.0,63.6,796261,Friday,125490.0,2.503,3123.0,6.49,201.2,2.23,34.56
CAMP_0083,1739.39,66.9,1.0,76.1,358980,Thursday,38740.0,2.047,775.0,7.557,56.0,2.25,31.07
CAMP_0084,6564.16,92.9,32.6,16.0,670858,Thursday,116699.0,4.254,4939.0,2.283,126.2,1.33,52.01
CAMP_0085,6841.07,55.7,51.8,46.2,741478,Monday,121294.0,3.38,4098.0,4.571,191.5,1.67,35.73
CAMP_0086,14727.32,57.2,8.8,0.9,60098,Wednesday,228099.0,2.536,5773.0,0.962,49.7,2.55,296.32
CAMP_0087,12932.37,28.0,35.1,24.7,991890,Saturday,217915.0,2.141,4617.0,3.484,152.2,2.8,84.98
CAMP_0088,17800.65,76.9,3.3,72.6,384313,Monday,279488.0,3.267,9123.0,5.902,536.1,1.95,33.21
CAMP_0089,9708.19,18.7,7.9,99.2,674929,Tuesday,163118.0,1.325,2130.0,8.677,190.8,4.56,50.88
CAMP_0090,2832.09,32.4,39.7,9.9,257199,Saturday,52731.0,2.764,1327.0,1.35,18.1,2.13,156.05
CAMP_0091,14408.27,42.5,13.3,40.1,136060,Wednesday,225053.0,2.434,5407.0,4.892,253.4,2.66,56.86
CAMP_0092,15335.31,50.8,56.8,80.0,197954,Tuesday,238780.0,3.106,7421.0,7.162,530.6,2.07,28.9
CAMP_0093,11444.91,24.2,68.9,20.4,735753,Sunday,191657.0,2.729,5285.0,1.814,95.9,2.17,119.37
CAMP_0094,15533.86,11.5,80.1,55.5,140544,Friday,241465.0,2.981,7078.0,5.552,380.9,2.19,40.78
CAMP_0095,10129.01,61.1,20.0,73.3,534628,Tuesday,168408.0,2.723,4542.0,6.68,303.5,2.23,33.38
CAMP_0096,10693.29,28.9,16.7,61.6,709309,Friday,178713.0,1.713,3083.0,5.649,169.1,3.47,63.24
CAMP_0097,8837.05,58.1,10.5,18.8,616590,Saturday,149491.0,2.891,4366.0,2.174,85.7,2.02,103.06
CAMP_0098,995.67,15.4,63.6,35.5,989947,Friday,40213.0,2.461,969.0,3.493,41.9,1.03,23.79
CAMP_0099,2603.88,48.1,70.6,78.4,757028,Saturday,58604.0,3.419,1970.0,7.625,144.9,1.32,17.97
CAMP_0100,1112.87,53.3,3.2,55.4,477243,Saturday,30599.0,1.927,650.0,5.546,32.7,1.71,33.99
CAMP_0101,12910.0,5.2,93.6,0.5,534426,Saturday,208714.0,3.651,7659.0,0.943,68.8,1.69,187.61
CAMP_0102,6629.94,33.7,5.2,76.1,403574,Saturday,112386.0,1.586,1826.0,6.539,119.4,3.63,55.53
CAMP_0103,10417.13,13.4,54.1,3.5,653907,Saturday,173020.0,1.847,3173.0,1.198,46.8,3.28,222.39
CAMP_0104,18197.55,6.3,70.9,74.6,478466,Tuesday,288102.0,1.932,5622.0,7.096,392.9,3.24,46.31
CAMP_0105,5361.2,99.0,87.1,20.2,881808,Saturday,103537.0,5.46,5556.0,2.769,152.3,0.96,35.2
CAMP_0106,8502.47,32.2,71.4,95.8,634219,Tuesday,143811.0,3.193,4649.0,8.745,407.2,1.83,20.88
CAMP_0107,15233.25,81.0,80.2,36.8,958158,Saturday,251131.0,5.219,13102.0,3.482,451.9,1.16,33.71
CAMP_0108,4961.56,25.5,33.9,32.7,166951,Friday,82774.0,2.368,1967.0,2.414,45.9,2.52,108.19
CAMP_0109,2001.11,68.2,81.5,14.9,877964,Sunday,50484.0,4.58,2265.0,3.091,73.0,0.88,27.42
CAMP_0110,6150.15,76.0,8.0,30.6,852210,Saturday,113072.0,2.845,3126.0,2.79,83.4,1.97,73.71
CAMP_0111,3643.82,59.6,89.5,87.7,572060,Wednesday,72382.0,4.626,3354.0,7.031,234.1,1.09,15.57
CAMP_0112,18629.1,47.2,54.8,99.6,68478,Saturday,286504.0,2.759,7932.0,9.036,714.6,2.35,26.07
CAMP_0113,16258.35,41.2,81.7,36.8,467569,Saturday,257583.0,4.373,11299.0,3.092,348.9,1.44,46.6
CAMP_0114,12851.37,34.9,45.2,44.9,561050,Friday,209417.0,2.874,6048.0,4.186,254.4,2.13,50.52
CAMP_0115,17493.48,93.0,64.4,72.2,154355,Thursday,271792.0,5.158,14036.0,7.051,992.6,1.25,17.62
CAMP_0116,16171.61,83.1,52.6,88.6,729282,Friday,260546.0,3.986,10338.0,8.976,937.6,1.56,17.25
CAMP_0117,4138.12,96.5,73.2,59.3,704780,Wednesday,80362.0,5.609,4546.0,5.938,256.6,0.91,16.12
CAMP_0118,17904.9,12.4,8.2,39.2,852000,Thursday,288792.0,0.939,2660.0,3.913,103.2,6.73,173.44
CAMP_0119,11017.17,73.1,6.0,41.3,881522,Monday,186572.0,2.558,4827.0,4.275,199.6,2.28,55.21
CAMP_0120,16245.08,93.8,24.7,69.6,816651,Monday,263992.0,3.921,10347.0,5.661,583.8,1.57,27.83
CAMP_0121,17973.78,18.1,16.0,0.3,853601,Wednesday,293406.0,1.424,4175.0,0.8,37.8,4.31,475.25
CAMP_0122,6701.07,6.6,87.2,62.0,503671,Friday,113578.0,2.555,2946.0,5.732,174.8,2.27,38.33
CAMP_0123,2646.01,74.1,21.9,35.5,609253,Tuesday,56459.0,3.003,1745.0,3.921,74.7,1.52,35.44
CAMP_0124,4944.74,57.4,97.6,79.4,187912,Wednesday,83799.0,4.371,3701.0,8.325,314.3,1.34,15.73
CAMP_0125,8828.6,84.2,33.7,9.3,185767,Sunday,140555.0,3.579,4989.0,0.776,37.8,1.77,233.43
CAMP_0126,16451.29,14.0,18.2,58.8,246281,Thursday,258657.0,1.258,3293.0,5.502,188.1,5.0,87.44
CAMP_0127,17284.25,79.5,79.0,48.1,94754,Thursday,266820.0,4.443,11815.0,3.931,472.4,1.46,36.59
CAMP_0128,635.57,20.2,65.9,64.2,612276,Saturday,26403.0,2.544,711.0,5.887,42.6,0.89,14.93
CAMP_0129,10459.57,16.4,49.8,6.5,461558,Monday,169036.0,2.55,4239.0,1.087,51.9,2.47,201.36
CAMP_0130,8639.51,16.4,55.5,58.0,517732,Thursday,144459.0,2.628,3792.0,4.893,185.7,2.28,46.51
CAMP_0131,4831.1,81.5,71.9,56.1,160023,Wednesday,79134.0,4.427,3462.0,5.948,213.0,1.4,22.68
CAMP_0132,2837.37,66.5,22.8,56.1,666667,Thursday,61967.0,3.354,2122.0,5.613,118.3,1.34,23.98
CAMP_0133,7083.5,52.3,99.6,60.3,90388,Wednesday,113659.0,3.97,4568.0,6.226,281.4,1.55,25.18
CAMP_0134,18886.74,35.9,97.5,67.6,887200,Tuesday,306359.0,4.742,14538.0,6.146,887.9,1.3,21.27
CAMP_0135,6802.46,87.7,65.0,80.5,831860,Saturday,122043.0,5.148,6290.0,7.405,464.9,1.08,14.63
CAMP_0136,10616.42,39.2,20.0,27.0,249779,Monday,168019.0,2.008,3409.0,3.956,135.3,3.11,78.47
CAMP_0137,14208.87,81.7,68.0,82.5,888453,Thursday,236612.0,4.765,11331.0,7.599,856.3,1.25,16.59
CAMP_0138,7590.78,43.9,7.2,49.8,914850,Wednesday,136739.0,1.578,2159.0,5.39,115.1,3.52,65.93
CAMP_0139,19449.75,37.7,3.1,7.7,216846,Friday,300813.0,1.726,5166.0,1.308,64.9,3.77,299.58
CAMP_0140,19267.72,46.3,25.8,5.9,704335,Monday,307344.0,2.477,7646.0,1.826,134.3,2.52,143.51
CAMP_0141,5409.75,30.1,46.3,33.4,142212,Tuesday,88330.0,2.31,1948.0,3.399,71.4,2.78,75.78
CAMP_0142,10196.35,74.8,86.8,78.5,952346,Wednesday,176375.0,4.773,8464.0,6.331,541.9,1.2,18.82
CAMP_0143,6367.13,50.3,72.7,70.8,822853,Sunday,114738.0,3.656,4159.0,6.658,282.1,1.53,22.57
CAMP_0144,6054.39,23.2,74.3,78.9,798140,Sunday,111227.0,2.714,3007.0,7.074,212.3,2.01,28.52
CAMP_0145,1219.3,90.0,42.5,51.7,931134,Saturday,42718.0,4.005,1757.0,4.326,75.9,0.69,16.07
CAMP_0146,12386.5,38.4,34.6,44.0,422811,Saturday,198465.0,2.084,4115.0,4.617,184.7,3.01,67.06
CAMP_0147,10302.24,54.4,37.1,14.7,610309,Tuesday,171962.0,3.315,5734.0,1.733,101.4,1.8,101.57
CAMP_0148,1503.84,90.6,98.8,32.8,169380,Tuesday,31482.0,5.409,1760.0,5.172,91.9,0.85,16.37
CAMP_0149,5933.61,62.4,4.0,43.4,54789,Saturday,94716.0,2.106,2001.0,3.74,89.0,2.97,66.64
CAMP_0150,18211.18,11.7,86.7,8.9,983194,Thursday,297485.0,3.271,9745.0,1.102,112.9,1.87,161.36
CAMP_0151,5171.46,94.0,57.9,22.1,36086,Thursday,85513.0,4.877,4165.0,3.2,134.8,1.24,38.36
CAMP_0152,3325.45,62.8,43.9,59.8,289003,Wednesday,60154.0,3.721,2244.0,5.719,128.1,1.48,25.95
CAMP_0153,10044.33,33.5,72.5,73.6,541972,Friday,167902.0,3.593,5976.0,7.31,441.9,1.68,22.73
CAMP_0154,19720.18,13.9,48.7,99.8,101088,Wednesday,303605.0,2.716,8230.0,9.177,750.7,2.4,26.27
CAMP_0155,5220.08,79.4,87.3,93.3,404423,Friday,90181.0,5.019,4462.0,8.174,370.4,1.17,14.09
CAMP_0156,13606.64,62.0,90.1,64.3,580387,Tuesday,220349.0,4.175,9154.0,5.451,493.5,1.49,27.57
CAMP_0157,15351.58,53.3,42.2,42.1,995000,Monday,254980.0,3.236,8151.0,4.906,397.0,1.88,38.66
CAMP_0158,5133.93,89.4,27.7,63.6,600381,Wednesday,94400.0,3.673,3481.0,5.445,180.3,1.48,28.47
CAMP_0159,14700.22,78.9,59.2,78.6,170761,Wednesday,229470.0,4.059,9400.0,7.565,714.1,1.56,20.58
CAMP_0160,7671.77,15.2,91.2,11.8,845083,Friday,138486.0,3.266,4500.0,2.406,109.5,1.7,70.04
CAMP_0161,12829.96,31.2,21.1,41.0,548181,Tuesday,208406.0,2.222,4678.0,4.216,194.4,2.74,65.99
CAMP_0162,12853.83,24.8,62.3,84.0,501024,Tuesday,208183.0,2.552,5369.0,7.566,401.6,2.39,32.01
CAMP_0163,10947.61,74.4,63.2,38.4,600706,Sunday,180183.0,4.693,8396.0,3.579,307.4,1.3,35.62
CAMP_0164,2260.65,3.4,73.3,57.2,135074,Friday,41344.0,2.136,834.0,5.806,47.8,2.71,47.33
CAMP_0165,16788.4,57.0,13.2,58.8,899497,Tuesday,274848.0,2.465,6826.0,4.179,281.4,2.46,59.66
CAMP_0166,6755.21,76.2,71.6,18.4,140351,Saturday,109134.0,4.693,5117.0,2.834,154.6,1.32,43.69
CAMP_0167,4137.11,87.7,90.9,36.2,725371,Thursday,83173.0,5.287,4332.0,3.958,168.2,0.95,24.6
CAMP_0168,1295.12,34.2,18.0,33.5,48635,Sunday,24937.0,1.443,328.0,3.565,17.4,3.95,74.51
CAMP_0169,12022.41,82.1,23.8,2.6,983619,Saturday,205593.0,3.836,7907.0,1.331,99.5,1.52,120.87
CAMP_0170,13712.51,11.1,97.1,2.4,105071,Monday,212958.0,3.073,6505.0,0.507,31.2,2.11,439.63
CAMP_0171,823.46,84.6,18.1,83.2,475918,Wednesday,27984.0,3.715,901.0,6.447,60.6,0.91,13.59
CAMP_0172,10485.81,12.7,85.4,27.3,874950,Sunday,179724.0,2.639,4727.0,3.419,161.3,2.22,65.0
CAMP_0173,4916.67,39.7,49.2,51.8,378377,Monday,85844.0,2.595,2215.0,5.803,129.8,2.22,37.89
CAMP_0174,13080.87,79.7,24.7,29.9,900083,Wednesday,220191.0,3.769,8299.0,2.52,206.4,1.58,63.36
CAMP_0175,3900.15,15.0,87.1,94.1,607093,Thursday,75203.0,3.229,2491.0,7.999,191.3,1.57,20.39
CAMP_0176,13973.29,22.9,44.5,25.9,986458,Tuesday,234678.0,2.169,5094.0,3.451,183.1,2.74,76.32
CAMP_0177,8041.34,72.2,51.5,43.0,431280,Saturday,134073.0,4.06,5456.0,4.617,249.5,1.47,32.23
CAMP_0178,18766.23,72.0,35.9,87.3,919245,Friday,306680.0,3.272,10087.0,9.463,956.0,1.86,19.63
CAMP_0179,3181.66,64.1,59.3,84.2,351207,Saturday,59820.0,3.939,2357.0,8.273,198.5,1.35,16.03
CAMP_0180,7150.79,69.4,16.4,18.6,274598,Thursday,119318.0,3.029,3721.0,2.907,109.7,1.92,65.18
CAMP_0181,2712.73,54.3,39.1,80.3,293022,Monday,51202.0,2.994,1470.0,7.039,99.9,1.85,27.15
CAMP_0182,18531.53,25.2,96.9,45.8,192170,Friday,287221.0,3.428,9800.0,4.928,488.7,1.89,37.92
CAMP_0183,17608.12,34.6,25.8,48.3,203226,Tuesday,272911.0,2.203,6044.0,5.611,341.7,2.91,51.52
CAMP_0184,5529.86,18.2,65.7,13.3,154063,Thursday,91795.0,2.67,2514.0,1.986,50.9,2.2,108.62
CAMP_0185,13369.69,90.8,32.5,8.1,602632,Friday,216539.0,3.899,8432.0,1.586,134.6,1.59,99.31
CAMP_0186,16435.83,58.3,77.3,72.8,901378,Thursday,271397.0,3.874,10463.0,6.894,729.7,1.57,22.52
CAMP_0187,11326.42,40.1,13.1,49.6,570881,Thursday,186858.0,2.033,3888.0,4.639,176.7,2.91,64.09
CAMP_0188,10828.19,46.2,97.0,43.7,570592,Tuesday,178420.0,4.172,7403.0,4.629,344.8,1.46,31.4
CAMP_0189,5216.12,94.7,45.4,73.0,433602,Sunday,88384.0,4.166,3699.0,6.958,254.7,1.41,20.48
CAMP_0190,2315.5,15.3,23.6,76.6,720580,Wednesday,54357.0,1.563,915.0,7.864,62.3,2.53,37.16
CAMP_0191,17995.71,58.6,7.3,15.9,123613,Friday,277959.0,2.925,8108.0,2.177,166.7,2.22,107.98
CAMP_0192,18058.15,50.6,17.0,61.0,734698,Tuesday,289669.0,2.332,6724.0,6.219,413.1,2.69,43.71
CAMP_0193,12845.48,61.1,52.0,13.5,497505,Thursday,207459.0,4.083,8443.0,2.003,165.8,1.52,77.46
CAMP_0194,7111.08,1.8,33.7,75.1,424299,Tuesday,120126.0,2.031,2485.0,7.331,193.0,2.86,36.84
CAMP_0195,7309.59,87.2,82.9,65.7,552642,Sunday,124108.0,4.903,6137.0,6.131,379.8,1.19,19.25
CAMP_0196,14656.14,93.2,43.1,95.7,294334,Wednesday,231551.0,4.376,10135.0,8.94,910.0,1.45,16.11
CAMP_0197,17993.65,56.5,24.9,6.9,540430,Saturday,284215.0,3.448,9895.0,1.916,186.4,1.82,96.54
CAMP_0198,17798.19,69.7,61.7,5.7,431614,Friday,281510.0,4.096,11534.0,0.923,106.8,1.54,166.69
CAMP_0199,15707.57,92.2,70.7,28.2,193043,Wednesday,245905.0,5.045,12472.0,3.809,486.5,1.26,32.28
CAMP_0200,13019.62,70.7,16.7,26.2,838294,Monday,216774.0,2.538,5481.0,3.01,158.9,2.38,81.92
CAMP_0201,2140.73,15.3,16.8,24.7,718770,Friday,52592.0,1.217,757.0,2.741,23.0,2.83,92.97
CAMP_0202,3651.76,57.6,3.7,90.6,160575,Wednesday,63531.0,2.487,1659.0,7.895,139.0,2.2,26.27
CAMP_0203,18021.81,60.7,73.6,25.0,135438,Thursday,278544.0,4.89,13614.0,3.145,433.1,1.32,41.61
CAMP_0204,12325.37,42.4,66.4,27.2,582744,Friday,202218.0,3.373,6893.0,3.173,227.7,1.79,54.12
CAMP_0205,679.34,73.6,47.5,75.9,634455,Friday,28058.0,3.397,1022.0,7.261,75.3,0.66,9.02
CAMP_0206,2478.7,93.4,84.4,45.0,878467,Tuesday,59901.0,4.992,3068.0,4.793,150.1,0.81,16.52
CAMP_0207,13438.28,92.6,80.6,77.7,804448,Thursday,222880.0,5.28,11644.0,7.518,876.0,1.15,15.34
CAMP_0208,598.7,45.1,58.5,6.5,274528,Monday,20767.0,3.669,798.0,2.911,25.9,0.75,23.12
CAMP_0209,3635.76,11.3,86.8,48.8,203392,Saturday,63665.0,3.202,2065.0,4.92,97.1,1.76,37.46
CAMP_0210,11200.31,98.5,20.6,3.4,418288,Sunday,178918.0,4.107,7372.0,0.902,70.4,1.52,159.03
CAMP_0211,13991.96,83.9,11.2,6.3,112239,Wednesday,215977.0,3.689,7979.0,0.5,41.4,1.75,338.25
CAMP_0212,13213.24,12.5,27.0,90.6,645719,Tuesday,215983.0,1.332,2890.0,7.654,221.5,4.57,59.65
CAMP_0213,4873.25,92.1,5.7,13.9,876450,Wednesday,95482.0,3.411,3321.0,2.732,99.5,1.47,49.0
CAMP_0214,14387.49,87.0,53.1,53.2,574798,Monday,231875.0,4.281,9955.0,5.619,558.1,1.45,25.78
CAMP_0215,5126.36,51.9,93.7,41.1,714293,Monday,96582.0,4.317,4180.0,3.614,157.1,1.23,32.63
CAMP_0216,6845.29,59.1,3.9,34.7,818258,Friday,125110.0,2.07,2647.0,5.011,139.2,2.59,49.18
CAMP_0217,15056.58,39.9,12.2,90.0,340170,Sunday,236958.0,1.899,4521.0,8.362,382.3,3.33,39.38
CAMP_0218,13167.84,5.5,45.2,2.2,131668,Monday,206347.0,1.786,3712.0,1.405,47.3,3.55,278.28
CAMP_0219,17059.86,33.5,93.4,66.4,776988,Wednesday,275299.0,3.729,10359.0,7.432,771.7,1.65,22.11
CAMP_0220,13323.45,80.3,31.6,96.3,428734,Thursday,214030.0,3.651,7792.0,9.577,756.0,1.71,17.62
CAMP_0221,11582.02,0.5,50.7,56.0,558333,Thursday,189818.0,1.903,3537.0,5.872,198.6,3.27,58.31
CAMP_0222,2326.66,33.3,4.2,93.7,191948,Friday,45924.0,1.976,911.0,8.909,80.2,2.55,29.0
CAMP_0223,7670.46,39.8,14.8,5.2,495662,Saturday,127011.0,2.459,3134.0,1.879,64.7,2.45,118.54
CAMP_0224,5671.45,53.7,98.7,41.9,624390,Wednesday,100644.0,4.807,4874.0,4.23,205.6,1.16,27.59
CAMP_0225,5257.8,92.0,96.5,26.0,324063,Wednesday,90903.0,5.294,4818.0,3.225,159.4,1.09,32.98
CAMP_0226,19473.71,34.6,0.5,73.1,633729,Monday,310656.0,1.443,4521.0,7.134,329.6,4.31,59.09
CAMP_0227,8165.41,34.7,95.2,98.1,168175,Sunday,130618.0,3.838,5138.0,8.787,452.7,1.59,18.04
CAMP_0228,17894.91,73.8,63.9,25.7,259877,Wednesday,278070.0,4.113,11478.0,2.57,297.5,1.56,60.16
CAMP_0229,12807.2,45.2,86.8,65.4,963692,Tuesday,217888.0,4.129,9046.0,6.1,552.3,1.42,23.19
CAMP_0230,15998.82,22.5,45.5,19.8,146917,Saturday,245939.0,1.832,4500.0,2.091,95.6,3.56,167.39
CAMP_0231,10301.42,45.2,51.6,56.5,227770,Monday,165134.0,3.654,5965.0,5.555,341.9,1.73,30.13
CAMP_0232,11749.63,14.1,48.9,46.4,964178,Tuesday,199429.0,2.503,4877.0,3.821,186.1,2.41,63.15
CAMP_0233,10104.1,17.6,66.7,97.2,652613,Friday,170012.0,2.84,4802.0,8.947,427.9,2.1,23.62
CAMP_0234,4307.24,49.8,14.0,60.9,553625,Thursday,81820.0,2.326,1774.0,5.053,94.8,2.43,45.42
CAMP_0235,14587.82,41.9,3.0,35.0,687673,Friday,236854.0,2.2,5237.0,3.594,184.0,2.79,79.27
CAMP_0236,5975.06,91.5,30.8,11.4,954447,Thursday,115684.0,4.221,4864.0,2.165,102.2,1.23,58.45
CAMP_0237,974.16,36.2,70.5,15.1,350093,Friday,27006.0,3.681,928.0,2.606,21.1,1.05,46.06
CAMP_0238,13086.71,58.1,20.2,22.5,796708,Wednesday,217622.0,2.729,5945.0,3.139,185.3,2.2,70.62
CAMP_0239,3953.66,63.2,67.3,25.1,323295,Tuesday,71933.0,4.617,3284.0,3.168,103.0,1.2,38.39
CAMP_0240,18838.94,1.3,97.0,85.1,945115,Thursday,306193.0,3.314,10170.0,7.245,740.4,1.85,25.45
CAMP_0241,19101.61,66.4,9.4,56.1,677304,Monday,305881.0,2.878,8839.0,5.98,526.9,2.16,36.25
CAMP_0242,18339.86,17.8,67.3,52.3,849319,Tuesday,298725.0,3.092,9203.0,4.639,430.6,1.99,42.59
CAMP_0243,7718.09,96.1,44.4,11.5,615730,Monday,132180.0,4.367,5760.0,2.465,146.3,1.34,52.74
CAMP_0244,801.4,14.9,86.8,86.0,59847,Tuesday,19587.0,2.766,553.0,8.195,42.0,1.45,19.07
CAMP_0245,18602.21,41.5,17.7,72.3,68653,Tuesday,283646.0,2.283,6406.0,7.462,482.2,2.9,38.58
CAMP_0246,8849.59,8.5,69.3,6.8,751432,Friday,153912.0,2.47,3813.0,1.554,63.9,2.32,138.46
CAMP_0247,19349.77,99.7,83.8,70.8,787949,Thursday,310277.0,5.527,17076.0,6.253,1059.0,1.13,18.27
CAMP_0248,19290.59,50.2,94.5,54.4,328766,Thursday,302377.0,4.733,14340.0,4.702,675.7,1.35,28.55
CAMP_0249,17133.68,59.5,68.3,8.2,299954,Sunday,267865.0,4.044,10812.0,1.063,112.4,1.58,152.44
CAMP_0250,6241.75,6.7,49.7,45.8,87842,Tuesday,102461.0,2.023,2001.0,3.848,83.5,3.12,74.73
CAMP_0251,8009.41,75.0,61.8,48.5,918657,Wednesday,145186.0,4.196,6064.0,5.349,321.7,1.32,24.89
CAMP_0252,17097.17,21.0,86.9,16.6,282647,Wednesday,267195.0,3.566,9502.0,2.86,265.1,1.8,64.5
CAMP_0253,6679.98,89.8,57.1,94.6,94761,Monday,105763.0,4.831,5163.0,8.842,456.4,1.29,14.64
CAMP_0254,3805.11,20.5,3.0,85.0,440192,Monday,71196.0,1.453,1043.0,7.783,76.7,3.65,49.59
CAMP_0255,11357.62,19.1,93.1,66.9,922871,Friday,194511.0,3.25,6274.0,7.383,467.5,1.81,24.3
CAMP_0256,18755.02,3.7,69.0,46.2,808022,Tuesday,304037.0,2.725,8367.0,4.649,384.9,2.24,48.72
CAMP_0257,14072.58,47.2,67.7,41.2,526637,Monday,224205.0,4.159,9356.0,4.405,412.0,1.5,34.16
CAMP_0258,11616.19,56.5,21.6,65.1,676246,Monday,194706.0,2.986,5798.0,6.184,366.3,2.0,31.72
CAMP_0259,2394.94,6.6,65.9,54.5,940370,Saturday,59514.0,2.102,1173.0,5.194,66.4,2.04,36.06
CAMP_0260,12492.64,77.6,39.4,6.2,338768,Tuesday,198352.0,3.571,7061.0,1.814,130.5,1.77,95.76
CAMP_0261,19806.05,45.3,65.1,51.3,996403,Friday,323503.0,3.375,10908.0,4.783,521.1,1.82,38.01
CAMP_0262,3231.64,52.4,10.7,80.6,698152,Monday,68485.0,2.17,1505.0,7.101,108.8,2.15,29.71
CAMP_0263,10607.43,44.1,65.8,45.9,412980,Friday,173235.0,3.446,5999.0,5.015,304.3,1.77,34.86
CAMP_0264,17608.77,40.1,99.9,5.2,791198,Thursday,283691.0,4.391,12496.0,1.167,140.9,1.41,125.0
CAMP_0265,14944.99,56.0,4.8,78.6,130356,Friday,232238.0,2.386,5462.0,7.357,406.1,2.74,36.8
CAMP_0266,14091.81,15.5,97.7,20.1,227228,Wednesday,222211.0,3.469,7720.0,2.44,182.9,1.83,77.06
CAMP_0267,14198.44,18.2,40.7,25.9,52727,Wednesday,219778.0,1.991,4367.0,3.063,136.6,3.25,103.91
CAMP_0268,7510.08,86.2,87.1,16.5,350615,Friday,125257.0,5.24,6697.0,1.981,127.1,1.12,59.07
CAMP_0269,6225.04,94.6,78.2,33.0,542356,Wednesday,110781.0,5.533,6133.0,3.321,213.5,1.01,29.15
CAMP_0270,16282.54,37.3,56.7,75.7,651211,Thursday,263502.0,2.434,6382.0,6.644,427.9,2.55,38.06
CAMP_0271,16297.21,27.1,73.8,51.9,410511,Tuesday,258485.0,3.155,8161.0,5.577,447.3,2.0,36.43
CAMP_0272,17407.91,64.4,87.9,20.5,444376,Wednesday,274846.0,4.715,12958.0,2.725,353.1,1.34,49.3
CAMP_0273,18308.19,40.9,40.4,87.8,21390,Wednesday,279793.0,2.972,8215.0,8.482,694.2,2.23,26.37
CAMP_0274,10471.18,2.5,32.7,88.0,641040,Friday,173938.0,1.091,1918.0,8.549,160.7,5.46,65.14
CAMP_0275,10279.57,15.6,66.8,87.1,947635,Thursday,178387.0,2.319,4120.0,7.735,319.4,2.49,32.18
CAMP_0276,16066.76,71.6,80.8,23.9,366898,Sunday,253275.0,4.843,12264.0,3.351,406.3,1.31,39.54
CAMP_0277,13174.3,65.9,76.2,45.1,348113,Sunday,208373.0,3.811,7898.0,4.603,367.3,1.67,35.87
CAMP_0278,14188.35,2.7,79.8,98.5,680398,Sunday,230879.0,2.975,6815.0,8.801,603.3,2.08,23.52
CAMP_0279,16017.96,22.2,43.6,77.2,979831,Sunday,264977.0,2.323,6199.0,7.802,485.4,2.58,33.0
CAMP_0280,17855.1,23.1,81.8,2.7,759078,Tuesday,288381.0,3.705,10741.0,1.494,160.4,1.66,111.32
CAMP_0281,7090.91,67.2,12.0,6.5,349208,Friday,119568.0,2.49,2998.0,1.345,43.6,2.37,162.49
CAMP_0282,7823.87,2.0,54.4,46.4,31281,Friday,122376.0,1.789,2099.0,4.956,108.0,3.73,72.45
CAMP_0283,2332.65,10.4,0.6,90.9,64189,Saturday,40201.0,0.104,66.0,7.641,7.3,35.29,318.42
CAMP_0284,11776.46,80.0,32.5,53.9,272093,Thursday,189315.0,3.473,6484.0,5.433,345.7,1.82,34.06
CAMP_0285,1200.87,17.9,36.6,49.8,320655,Sunday,28530.0,1.897,508.0,4.233,17.6,2.36,68.38
CAMP_0286,9579.16,65.3,39.6,10.5,656403,Tuesday,163712.0,2.86,4725.0,1.352,62.5,2.03,153.2
CAMP_0287,11081.57,23.8,69.5,65.7,542893,Thursday,181858.0,2.835,5188.0,6.547,332.3,2.14,33.35
CAMP_0288,6087.55,9.9,38.9,82.2,372462,Sunday,102997.0,1.174,1232.0,6.242,78.0,4.94,78.06
CAMP_0289,12021.25,24.3,44.9,38.0,404597,Tuesday,193028.0,2.274,4455.0,4.945,227.3,2.7,52.88
CAMP_0290,1094.75,72.2,23.8,77.6,994138,Thursday,42396.0,3.605,1556.0,7.622,124.9,0.7,8.77
CAMP_0291,1228.29,85.6,37.3,96.4,816242,Friday,41394.0,3.99,1551.0,7.797,124.6,0.79,9.86
CAMP_0292,16540.71,83.0,22.7,20.4,259415,Friday,259651.0,4.056,10514.0,3.829,406.3,1.57,40.72
CAMP_0293,7523.72,39.7,7.3,52.3,689682,Monday,132441.0,2.11,2793.0,6.524,193.3,2.69,38.93
CAMP_0294,2977.68,66.8,60.3,28.7,51869,Wednesday,50939.0,4.417,2242.0,3.207,76.1,1.33,39.12
CAMP_0295,10683.74,20.5,66.8,79.3,567243,Sunday,175410.0,2.556,4453.0,6.88,311.0,2.4,34.36
CAMP_0296,15514.87,29.3,61.9,57.8,595676,Saturday,247128.0,2.691,6600.0,6.464,419.4,2.35,36.99
CAMP_0297,4708.51,89.6,46.3,63.5,775612,Thursday,92278.0,4.451,4228.0,5.905,256.3,1.11,18.37
CAMP_0298,12646.36,1.3,38.0,79.8,20207,Saturday,194522.0,1.015,1955.0,7.464,147.9,6.47,85.49
CAMP_0299,2164.28,8.6,86.3,39.6,228401,Monday,41714.0,3.056,1392.0,4.776,66.1,1.55,32.74
CAMP_0300,1507.79,20.8,51.9,91.5,995132,Wednesday,47579.0,2.324,1049.0,8.244,84.8,1.44,17.78
CAMP_0301,10861.42,2.7,47.9,53.3,169292,Thursday,171770.0,2.177,3772.0,5.144,191.3,2.88,56.79
CAMP_0302,11042.38,18.1,2.6,15.8,487266,Tuesday,180145.0,1.312,2375.0,1.627,44.9,4.65,245.7
CAMP_0303,12929.88,58.3,34.1,69.6,506762,Sunday,207555.0,3.431,7076.0,6.252,442.2,1.83,29.24
CAMP_0304,14658.78,42.1,38.0,79.3,215157,Wednesday,229674.0,2.489,5692.0,7.216,408.2,2.58,35.91
CAMP_0305,19529.12,89.3,39.9,31.7,32031,Friday,299812.0,4.49,13459.0,2.915,388.5,1.45,50.27
CAMP_0306,10567.86,81.7,58.0,85.7,473937,Monday,171976.0,4.836,8275.0,7.283,603.5,1.28,17.51
CAMP_0307,6797.65,34.2,53.4,90.6,877239,Wednesday,124359.0,2.848,3529.0,8.266,289.9,1.93,23.45
CAMP_0308,16006.13,25.9,60.8,27.7,605600,Sunday,255999.0,2.576,6477.0,2.29,145.4,2.47,110.08
CAMP_0309,5781.23,38.0,76.5,98.4,594054,Wednesday,103854.0,3.335,3499.0,8.429,288.0,1.65,20.07
CAMP_0310,9059.94,59.0,81.3,14.1,153521,Sunday,142841.0,4.675,6739.0,3.098,213.6,1.34,42.42
CAMP_0311,2029.9,26.8,71.8,20.2,361977,Friday,44098.0,3.905,1745.0,2.443,41.9,1.16,48.4
CAMP_0312,994.34,62.4,95.6,18.4,197771,Thursday,22718.0,4.467,1128.0,2.238,19.8,0.88,50.16
CAMP_0313,19271.64,40.9,1.8,89.4,247199,Tuesday,297544.0,1.456,4367.0,7.977,347.0,4.41,55.54
CAMP_0314,16801.61,55.2,19.6,65.4,771019,Friday,273388.0,2.922,8046.0,6.067,490.9,2.09,34.23
CAMP_0315,14071.5,43.6,0.8,15.2,770129,Tuesday,230872.0,1.601,3758.0,2.504,94.3,3.74,149.27
CAMP_0316,8474.58,29.4,64.7,44.0,645329,Thursday,146410.0,3.308,4705.0,4.775,225.6,1.8,37.56
CAMP_0317,3879.24,94.8,89.8,61.5,650473,Wednesday,77618.0,5.73,4469.0,5.727,256.1,0.87,15.15
CAMP_0318,3550.52,76.4,24.3,8.3,187164,Tuesday,62235.0,3.392,2042.0,1.561,25.5,1.74,139.3
CAMP_0319,5379.74,14.0,92.7,88.2,466887,Monday,93712.0,3.37,3099.0,8.716,274.9,1.74,19.57
CAMP_0320,11209.92,86.8,6.0,80.4,544638,Monday,184846.0,3.37,6179.0,6.674,403.8,1.81,27.76
CAMP_0321,14434.62,48.7,93.4,50.5,761518,Sunday,235949.0,4.245,9999.0,5.013,503.6,1.44,28.67
CAMP_0322,13373.85,89.5,35.2,96.7,897291,Friday,222817.0,3.536,7911.0,8.805,699.6,1.69,19.12
CAMP_0323,5958.71,80.0,10.1,41.8,523313,Thursday,103948.0,3.207,3355.0,3.954,131.6,1.78,45.3
CAMP_0324,19119.87,42.5,48.6,98.4,795858,Sunday,308232.0,3.462,10671.0,8.815,942.5,1.79,20.29
CAMP_0325,14888.99,2.2,25.7,66.8,78487,Friday,232006.0,0.727,1722.0,5.888,100.0,8.65,148.88
CAMP_0326,11309.9,26.9,28.5,63.5,158694,Friday,176055.0,1.728,3082.0,6.396,199.0,3.67,56.84
CAMP_0327,12428.55,54.2,30.7,16.6,133853,Sunday,191748.0,3.021,5815.0,1.659,101.4,2.14,122.56
CAMP_0328,8682.2,63.3,80.3,88.2,997767,Saturday,155579.0,4.42,6790.0,8.587,579.0,1.28,14.99
CAMP_0329,5330.75,25.8,53.9,42.7,325261,Friday,92198.0,2.745,2494.0,4.383,112.7,2.14,47.31
CAMP_0330,7441.47,13.9,31.1,16.2,245062,Saturday,121475.0,1.487,1807.0,2.074,45.9,4.12,161.99
CAMP_0331,15278.0,83.5,61.0,1.3,461610,Monday,243090.0,4.879,11898.0,0.599,72.5,1.28,210.63
CAMP_0332,780.67,98.4,71.6,56.0,243077,Monday,21976.0,5.258,1089.0,5.993,62.8,0.72,12.44
CAMP_0333,2763.42,52.6,27.3,52.7,897516,Friday,65157.0,2.968,1933.0,4.893,105.9,1.43,26.09
CAMP_0334,1397.05,17.2,41.4,71.9,33782,Monday,25944.0,2.145,478.0,6.171,30.0,2.92,46.64
CAMP_0335,1294.21,27.2,12.2,89.0,519492,Thursday,36362.0,1.674,660.0,8.648,58.2,1.96,22.22
CAMP_0336,17181.48,1.8,18.1,7.9,824886,Saturday,278672.0,1.196,3345.0,1.183,40.8,5.14,420.7
CAMP_0337,14221.33,91.4,68.1,73.1,864336,Saturday,235509.0,5.002,11712.0,6.805,799.2,1.21,17.79
CAMP_0338,9746.39,11.8,18.1,18.7,664224,Friday,165388.0,0.95,1503.0,2.909,42.0,6.48,231.9
CAMP_0339,2407.77,57.7,52.5,85.8,418808,Monday,48756.0,3.869,1906.0,7.944,152.3,1.26,15.81
CAMP_0340,10086.51,27.4,70.9,81.9,163245,Tuesday,161171.0,3.34,5452.0,8.418,463.7,1.85,21.75
CAMP_0341,9732.7,55.4,10.7,54.1,960708,Sunday,169560.0,1.798,2993.0,4.909,145.1,3.25,67.09
CAMP_0342,3877.44,65.1,56.7,71.0,963100,Sunday,81068.0,3.676,3020.0,6.577,196.5,1.28,19.73
CAMP_0343,8960.11,83.0,25.7,31.4,961828,Saturday,159166.0,3.943,6249.0,3.448,214.0,1.43,41.86
CAMP_0344,8270.84,20.6,96.3,47.1,132258,Friday,131137.0,2.979,3947.0,5.08,195.0,2.1,42.41
CAMP_0345,12509.08,1.1,48.4,82.2,645956,Friday,208542.0,2.025,4257.0,8.217,346.4,2.94,36.11
CAMP_0346,12884.33,13.7,80.6,45.9,464418,Thursday,207874.0,2.883,6001.0,4.711,279.1,2.15,46.16
CAMP_0347,1383.43,90.0,55.0,35.8,492616,Wednesday,34586.0,4.978,1630.0,3.794,61.8,0.85,22.38
CAMP_0348,7804.95,87.4,4.3,49.4,396328,Wednesday,132157.0,3.23,4303.0,4.212,185.4,1.81,42.1
CAMP_0349,12704.27,59.7,63.3,82.8,516581,Saturday,204682.0,3.658,7513.0,7.682,584.5,1.69,21.74
CAMP_0350,10311.16,60.1,95.1,33.5,433966,Sunday,167590.0,4.772,8019.0,3.357,269.4,1.29,38.27
CAMP_0351,17201.55,66.5,60.2,17.4,288710,Thursday,270015.0,3.99,10783.0,2.699,293.4,1.6,58.64
CAMP_0352,13344.53,17.5,81.9,71.2,672550,Thursday,220303.0,2.831,6192.0,6.491,403.2,2.15,33.1
CAMP_0353,3677.22,91.4,88.4,82.6,572621,Thursday,72411.0,6.119,4485.0,7.488,325.4,0.82,11.3
CAMP_0354,1876.09,41.9,22.8,10.1,394073,Saturday,39626.0,2.035,851.0,1.075,3.4,2.2,549.79
CAMP_0355,13027.18,38.3,21.2,24.0,746265,Wednesday,215802.0,1.507,3198.0,2.013,68.2,4.07,191.06
CAMP_0356,1016.97,51.9,61.1,14.2,623859,Sunday,31312.0,4.059,1337.0,3.066,45.3,0.76,22.46
CAMP_0357,11922.62,4.7,41.1,34.8,130263,Thursday,187194.0,1.493,2802.0,3.848,112.0,4.25,106.44
CAMP_0358,18834.49,16.6,84.0,45.0,929093,Sunday,306727.0,3.009,9237.0,4.805,443.0,2.04,42.52
CAMP_0359,11721.75,73.8,90.0,74.9,559523,Monday,192523.0,4.857,9342.0,6.534,600.4,1.25,19.52
CAMP_0360,8069.31,8.3,35.3,65.1,10159,Friday,127200.0,1.461,1855.0,6.647,118.1,4.35,68.31
CAMP_0361,13044.12,60.3,23.7,62.1,677505,Friday,215700.0,2.672,5832.0,6.315,363.9,2.24,35.85
CAMP_0362,9435.93,24.5,78.1,35.2,172993,Sunday,149809.0,2.888,4379.0,3.418,152.8,2.16,61.76
CAMP_0363,11139.53,38.9,27.5,84.1,377003,Tuesday,178555.0,2.374,4290.0,7.202,307.2,2.6,36.26
CAMP_0364,18858.56,28.9,82.3,47.1,157309,Tuesday,291066.0,3.302,9620.0,4.404,432.1,1.96,43.64
CAMP_0365,8029.0,35.6,42.4,97.9,117507,Saturday,129598.0,2.845,3732.0,8.819,336.5,2.15,23.86
CAMP_0366,19243.22,71.9,66.8,63.4,935748,Saturday,312826.0,4.471,13944.0,6.157,866.9,1.38,22.2
CAMP_0367,18154.34,29.7,9.6,12.6,24743,Friday,278056.0,1.352,3788.0,2.029,72.3,4.79,251.11
CAMP_0368,4317.93,56.6,62.4,67.6,762462,Monday,84165.0,3.791,3183.0,7.059,227.2,1.36,19.01
CAMP_0369,1852.55,47.6,45.2,32.5,56101,Wednesday,33524.0,2.932,880.0,3.243,26.2,2.11,70.83
CAMP_0370,2465.17,66.4,58.7,68.6,252717,Wednesday,48148.0,3.66,1683.0,5.947,101.7,1.46,24.23
CAMP_0371,855.33,93.7,16.8,7.0,655822,Saturday,31804.0,3.937,1219.0,1.557,15.0,0.7,57.19
CAMP_0372,2341.64,73.3,73.7,17.5,356371,Monday,47584.0,4.504,2164.0,1.553,39.7,1.08,58.95
CAMP_0373,13818.63,21.5,86.3,85.6,240604,Saturday,216499.0,3.18,6851.0,8.194,557.4,2.02,24.79
CAMP_0374,1888.18,3.1,21.7,22.7,197450,Wednesday,37078.0,0.879,296.0,2.866,0.0,6.37,0.0
CAMP_0375,6720.02,26.2,9.6,83.7,867558,Sunday,122481.0,1.218,1530.0,7.527,125.3,4.39,53.63
CAMP_0376,16975.07,59.5,2.4,27.9,852503,Saturday,275106.0,2.941,8063.0,3.037,247.1,2.11,68.69
CAMP_0377,953.8,5.1,64.2,64.3,736481,Thursday,32601.0,2.359,836.0,6.598,49.8,1.14,19.15
CAMP_0378,16382.14,49.6,60.7,69.4,346907,Sunday,258307.0,3.179,8271.0,6.992,577.5,1.98,28.37
CAMP_0379,5996.17,59.7,54.7,51.3,497030,Saturday,103127.0,3.744,3862.0,4.978,189.4,1.55,31.67
CAMP_0380,2804.21,33.4,23.2,30.5,769710,Friday,62883.0,2.401,1548.0,3.738,57.9,1.81,48.45
CAMP_0381,14086.37,77.1,39.1,21.3,415453,Saturday,224511.0,3.84,8653.0,3.133,275.1,1.63,51.21
CAMP_0382,12764.39,10.7,59.4,3.3,681009,Friday,212270.0,2.718,5758.0,1.433,85.8,2.22,148.85
CAMP_0383,17610.7,7.5,49.7,30.4,178785,Monday,272743.0,1.504,4146.0,3.329,139.3,4.25,126.42
CAMP_0384,14833.89,72.8,98.8,65.3,214535,Wednesday,230855.0,4.557,10570.0,6.416,678.2,1.4,21.87
CAMP_0385,16167.88,49.5,13.6,93.8,710769,Sunday,260432.0,2.406,6218.0,7.987,502.0,2.6,32.21
CAMP_0386,5999.67,68.8,69.5,87.1,189838,Sunday,97113.0,4.386,4267.0,8.005,332.0,1.41,18.07
CAMP_0387,3960.07,43.5,40.4,76.6,580442,Tuesday,75972.0,1.813,1385.0,7.012,93.4,2.86,42.42
CAMP_0388,15136.99,24.6,42.8,78.8,279160,Tuesday,238870.0,2.123,5113.0,7.113,358.8,2.96,42.19
CAMP_0389,16233.28,81.9,71.8,66.5,482779,Wednesday,255867.0,4.449,11361.0,5.457,624.9,1.43,25.98
CAMP_0390,19814.85,79.9,69.2,26.0,451904,Tuesday,310849.0,4.212,13062.0,2.568,331.8,1.52,59.72
CAMP_0391,8546.04,69.5,99.1,90.7,886110,Sunday,149429.0,4.759,7120.0,8.015,564.2,1.2,15.15
CAMP_0392,7754.35,27.2,12.8,67.1,908488,Saturday,137478.0,1.816,2556.0,6.813,176.9,3.03,43.84
CAMP_0393,15640.05,59.0,10.4,56.0,588526,Monday,251707.0,2.226,5542.0,5.626,307.3,2.82,50.9
CAMP_0394,7145.67,36.1,72.4,11.1,330752,Monday,117135.0,3.099,3579.0,2.358,82.6,2.0,86.49
CAMP_0395,18649.77,9.2,57.8,44.7,623369,Wednesday,296164.0,1.735,5113.0,5.198,277.7,3.65,67.17
CAMP_0396,17239.05,91.7,27.4,46.0,257644,Tuesday,269590.0,4.318,11624.0,4.848,567.4,1.48,30.38
CAMP_0397,8865.38,13.7,7.9,86.5,959401,Saturday,157919.0,1.239,1869.0,7.987,148.2,4.74,59.82
CAMP_0398,15141.99,95.0,8.6,54.7,847393,Monday,248752.0,2.817,7083.0,4.887,345.5,2.14,43.83
CAMP_0399,15213.59,44.6,89.4,38.0,209775,Monday,235932.0,3.779,8909.0,5.037,453.2,1.71,33.57
CAMP_0400,2510.92,18.5,19.2,97.7,972261,Thursday,61903.0,1.694,1034.0,8.105,87.2,2.43,28.81
CAMP_0401,18099.78,54.2,32.3,11.1,823349,Thursday,294472.0,3.319,9853.0,1.945,192.0,1.84,94.25
CAMP_0402,10352.42,87.3,22.7,42.3,950240,Sunday,178408.0,3.938,7061.0,4.797,339.2,1.47,30.52
CAMP_0403,16615.92,73.2,35.5,4.2,824422,Monday,270376.0,3.477,9375.0,1.76,157.6,1.77,105.45
CAMP_0404,6740.97,80.7,6.9,74.0,72551,Wednesday,108129.0,2.514,2726.0,6.342,164.4,2.47,40.99
CAMP_0405,17962.7,65.9,51.9,91.8,985665,Friday,294866.0,4.035,11896.0,8.135,966.8,1.51,18.58
CAMP_0406,8089.43,69.2,6.8,28.0,744983,Friday,143537.0,2.657,3886.0,2.841,107.2,2.08,75.44
CAMP_0407,711.33,84.9,80.0,85.8,687800,Saturday,27927.0,5.069,1407.0,6.877,99.7,0.51,7.13
CAMP_0408,18154.95,25.0,23.4,29.2,176277,Monday,279736.0,1.78,4907.0,3.403,168.0,3.7,108.08
CAMP_0409,2280.09,48.9,54.0,91.1,90811,Monday,39384.0,2.912,1053.0,7.927,79.6,2.17,28.64
CAMP_0410,6726.62,22.1,88.0,75.4,789128,Sunday,120142.0,3.473,4246.0,7.784,331.4,1.58,20.3
CAMP_0411,19026.21,98.8,65.1,80.5,851535,Monday,306082.0,5.158,15749.0,7.747,1217.9,1.21,15.62
CAMP_0412,19036.84,94.4,53.3,1.8,474028,Wednesday,300501.0,4.537,13667.0,1.165,169.5,1.39,112.3
CAMP_0413,11682.04,3.9,32.4,96.3,969131,Thursday,200134.0,1.57,3147.0,8.466,268.3,3.71,43.54
CAMP_0414,12820.83,70.6,33.3,72.7,378266,Monday,203549.0,3.037,6161.0,6.871,415.5,2.08,30.86
CAMP_0415,9244.69,92.5,66.9,30.5,244104,Monday,148892.0,4.869,7236.0,3.31,248.6,1.28,37.18
CAMP_0416,6217.61,18.1,99.4,82.9,553296,Sunday,109847.0,3.535,3962.0,7.67,300.7,1.57,20.68
CAMP_0417,6908.96,56.8,66.2,28.2,212346,Tuesday,113239.0,3.338,3707.0,4.203,151.0,1.86,45.77
CAMP_0418,13614.11,91.5,55.8,87.3,566690,Sunday,217002.0,4.624,10014.0,7.45,756.8,1.36,17.99
CAMP_0419,15171.3,3.4,73.1,11.3,194456,Sunday,237446.0,2.649,6334.0,1.816,116.8,2.4,129.91
CAMP_0420,15935.79,69.7,46.5,70.4,794282,Wednesday,260919.0,3.664,9497.0,6.983,666.6,1.68,23.9
CAMP_0421,15897.55,29.7,6.0,54.1,409009,Saturday,252850.0,1.532,3940.0,5.126,205.6,4.03,77.32
CAMP_0422,2278.52,92.4,56.2,9.7,506043,Monday,50139.0,4.848,2475.0,2.563,62.4,0.92,36.52
CAMP_0423,10141.2,97.1,95.8,24.2,146643,Sunday,160341.0,5.691,9138.0,3.274,296.4,1.11,34.22
CAMP_0424,1622.4,94.4,17.5,1.2,500083,Sunday,38543.0,3.682,1394.0,0.74,8.3,1.16,196.29
CAMP_0425,11215.81,47.4,69.0,46.9,943713,Tuesday,191849.0,3.295,6250.0,4.852,311.3,1.79,36.03
CAMP_0426,9109.84,86.2,20.1,30.1,123550,Sunday,143492.0,3.584,5178.0,3.058,159.4,1.76,57.17
CAMP_0427,17810.23,84.5,53.6,59.8,494146,Friday,282078.0,4.273,12190.0,5.389,663.4,1.46,26.85
CAMP_0428,7342.84,31.9,9.7,29.7,970652,Saturday,134240.0,1.849,2489.0,3.308,81.9,2.95,89.6
CAMP_0429,2782.81,82.9,45.0,30.0,101218,Monday,45890.0,4.282,1874.0,4.031,71.8,1.49,38.78
CAMP_0430,3288.34,3.7,75.6,74.3,143296,Monday,56984.0,2.739,1584.0,7.318,108.7,2.08,30.26
CAMP_0431,15349.46,59.6,34.8,4.8,509909,Tuesday,246785.0,3.005,7460.0,1.374,105.7,2.06,145.19
CAMP_0432,12555.25,23.0,66.5,90.3,528767,Wednesday,204248.0,2.199,4446.0,8.614,391.5,2.82,32.07
CAMP_0433,2471.89,12.1,79.5,85.2,189767,Monday,47351.0,3.073,1423.0,7.952,108.7,1.74,22.74
CAMP_0434,2140.08,7.7,92.7,66.8,917211,Friday,55932.0,3.178,1740.0,5.757,102.8,1.23,20.83
CAMP_0435,14168.9,69.6,23.5,59.3,401858,Monday,226323.0,2.985,6729.0,5.673,374.9,2.11,37.8
CAMP_0436,1918.88,34.0,39.9,89.2,775348,Friday,49162.0,2.684,1311.0,8.102,103.4,1.46,18.55
CAMP_0437,16526.27,72.5,15.2,18.5,250016,Saturday,258106.0,2.621,6721.0,2.863,193.8,2.46,85.27
CAMP_0438,14271.72,6.5,99.2,7.9,42441,Saturday,219407.0,3.486,7588.0,1.349,93.7,1.88,152.35
CAMP_0439,2086.3,31.5,92.7,24.0,248038,Thursday,41536.0,3.663,1530.0,2.46,37.6,1.36,55.56
CAMP_0440,2154.34,53.9,54.0,79.5,704489,Thursday,49331.0,3.22,1579.0,7.334,111.6,1.36,19.3
CAMP_0441,19739.47,79.1,84.2,3.5,765612,Friday,316900.0,4.791,15160.0,0.955,147.7,1.3,133.6
CAMP_0442,7798.28,31.9,52.1,58.3,858800,Wednesday,139614.0,2.689,3759.0,5.501,205.9,2.07,37.87
CAMP_0443,7727.52,62.6,62.4,99.5,626410,Monday,134020.0,3.933,5195.0,8.923,468.3,1.49,16.5
CAMP_0444,16349.59,88.6,8.9,85.6,54760,Sunday,251900.0,3.395,8566.0,7.654,654.2,1.91,24.99
CAMP_0445,18971.35,61.6,75.5,52.1,295622,Monday,297268.0,4.107,12188.0,5.653,682.2,1.56,27.81
CAMP_0446,19727.02,23.3,12.8,6.4,924313,Thursday,321138.0,1.578,5080.0,2.216,105.2,3.88,187.59
CAMP_0447,15190.87,2.4,82.6,83.1,868286,Sunday,248667.0,2.641,6587.0,8.082,522.8,2.31,29.05
CAMP_0448,7837.06,87.0,78.2,59.9,890662,Friday,140814.0,4.871,6916.0,4.906,342.5,1.13,22.88
CAMP_0449,2128.26,2.1,70.9,11.5,357860,Sunday,43820.0,2.096,924.0,1.598,27.6,2.3,77.24
CAMP_0450,15654.36,87.5,3.6,9.4,677540,Monday,253636.0,3.397,8669.0,1.662,146.2,1.81,107.06
CAMP_0451,11388.88,52.9,30.3,91.0,108538,Monday,179382.0,3.002,5369.0,7.354,403.2,2.12,28.25
CAMP_0452,8772.33,93.9,26.3,66.9,549660,Wednesday,150308.0,3.992,5987.0,5.916,359.8,1.47,24.38
CAMP_0453,18173.91,79.9,36.0,82.9,826228,Tuesday,296400.0,4.074,12071.0,7.539,907.4,1.51,20.03
CAMP_0454,2668.35,99.8,8.8,87.9,985776,Sunday,65235.0,3.125,2077.0,7.807,168.5,1.28,15.84
CAMP_0455,10106.19,35.1,93.7,57.2,521511,Thursday,168051.0,3.725,6292.0,5.579,348.6,1.61,28.99
CAMP_0456,721.4,76.7,55.4,51.7,231035,Thursday,22291.0,3.839,863.0,4.449,36.1,0.84,19.99
CAMP_0457,9638.88,40.2,30.6,43.0,895258,Tuesday,169150.0,3.146,5261.0,4.213,220.6,1.83,43.69
CAMP_0458,1597.91,48.0,39.7,31.7,392736,Monday,36426.0,3.146,1177.0,3.612,41.7,1.36,38.33
CAMP_0459,2816.95,62.8,44.7,43.5,365779,Wednesday,54287.0,3.477,1844.0,4.482,86.0,1.53,32.77
CAMP_0460,2791.76,87.4,60.1,77.4,645310,Wednesday,59265.0,4.858,2833.0,7.414,206.7,0.99,13.5
CAMP_0461,13159.6,98.4,51.6,60.2,588328,Thursday,213784.0,5.076,10795.0,6.01,653.2,1.22,20.15
CAMP_0462,15047.88,76.8,91.9,89.3,871789,Wednesday,247022.0,5.435,13421.0,7.937,1069.6,1.12,14.07
CAMP_0463,11875.69,41.8,49.7,44.3,736728,Saturday,197370.0,3.272,6519.0,4.607,302.0,1.82,39.32
CAMP_0464,19262.36,42.1,99.2,60.7,612644,Tuesday,305189.0,4.166,12665.0,5.457,700.8,1.52,27.49
CAMP_0465,7809.98,73.8,85.1,63.1,288355,Monday,126883.0,4.691,6036.0,5.915,363.5,1.29,21.49
CAMP_0466,6071.39,23.9,20.9,59.2,377570,Saturday,103573.0,1.449,1546.0,5.206,85.8,3.93,70.73
CAMP_0467,17437.68,11.0,93.1,70.3,277986,Tuesday,272307.0,3.309,8936.0,7.154,639.6,1.95,27.26
CAMP_0468,4860.12,35.5,11.6,23.7,466331,Friday,88408.0,1.807,1578.0,2.763,45.4,3.08,107.13
CAMP_0469,19282.84,28.7,81.7,51.2,863284,Sunday,311873.0,3.28,10177.0,5.631,575.7,1.89,33.5
CAMP_0470,737.01,29.6,38.1,10.4,397881,Thursday,25377.0,2.199,591.0,1.99,11.8,1.25,62.29
CAMP_0471,19412.64,23.4,87.8,38.5,318112,Wednesday,304321.0,3.831,11609.0,3.633,419.9,1.67,46.23
CAMP_0472,1341.62,4.2,86.8,48.8,813940,Friday,42233.0,3.082,1221.0,5.027,49.3,1.1,27.2
CAMP_0473,17877.29,1.8,80.6,65.2,163077,Wednesday,278283.0,3.118,8659.0,6.623,577.1,2.06,30.98
CAMP_0474,10790.17,98.8,79.0,95.1,64575,Saturday,167754.0,5.597,9448.0,8.565,814.4,1.14,13.25
CAMP_0475,19862.81,42.8,30.5,60.1,483958,Monday,312540.0,2.562,7998.0,5.842,461.5,2.48,43.04
CAMP_0476,1939.03,38.4,8.1,74.4,684331,Monday,48984.0,1.848,925.0,6.673,64.7,2.1,29.95
CAMP_0477,11300.16,68.0,40.3,50.6,428815,Monday,181957.0,3.24,5918.0,5.062,296.6,1.91,38.1
CAMP_0478,19401.4,21.8,17.4,63.4,490808,Wednesday,308111.0,1.21,3653.0,6.192,224.4,5.31,86.48
CAMP_0479,10700.41,95.0,69.5,7.1,601202,Friday,177998.0,5.239,9281.0,1.278,125.2,1.15,85.49
CAMP_0480,12773.27,78.6,34.6,25.4,783422,Monday,210799.0,3.444,7260.0,2.495,176.2,1.76,72.49
CAMP_0481,14067.1,8.9,97.6,36.2,601343,Friday,229437.0,3.271,7476.0,4.539,334.4,1.88,42.07
CAMP_0482,9363.55,41.8,64.1,47.2,621985,Wednesday,157766.0,3.69,5906.0,5.082,309.2,1.59,30.28
CAMP_0483,12737.38,87.9,82.2,4.6,640527,Saturday,210147.0,4.994,10433.0,1.091,113.1,1.22,112.59
CAMP_0484,11894.13,94.5,13.3,14.0,245469,Friday,188638.0,4.269,8007.0,2.23,184.8,1.49,64.37
CAMP_0485,18072.58,46.7,86.2,27.7,133106,Saturday,278315.0,3.76,10479.0,2.475,251.4,1.72,71.89
CAMP_0486,1386.2,61.3,92.3,97.2,801787,Wednesday,40653.0,4.944,1979.0,7.784,146.4,0.7,9.47
CAMP_0487,5978.78,16.7,48.7,33.1,850552,Wednesday,112756.0,2.346,2501.0,4.193,100.3,2.39,59.61
CAMP_0488,19033.02,99.1,60.6,48.2,477835,Thursday,299775.0,5.347,16127.0,4.971,799.3,1.18,23.81
CAMP_0489,17860.14,23.2,76.5,19.6,310486,Wednesday,280055.0,2.772,7710.0,2.545,189.2,2.32,94.4
CAMP_0490,9385.31,94.3,17.5,61.1,12257,Wednesday,145846.0,4.457,6529.0,6.003,393.8,1.44,23.84
CAMP_0491,12592.59,65.0,50.3,28.1,299508,Tuesday,197832.0,3.652,7162.0,4.859,350.1,1.76,35.97
CAMP_0492,5908.93,60.8,39.9,20.7,690332,Monday,107322.0,3.523,3738.0,3.09,111.0,1.58,53.22
CAMP_0493,4168.36,51.3,14.6,51.7,121715,Thursday,70546.0,2.837,1920.0,4.61,84.4,2.17,49.37
CAMP_0494,9542.12,23.1,36.8,0.6,36654,Sunday,148746.0,1.929,2833.0,0.5,10.7,3.37,889.24
CAMP_0495,7390.37,17.7,6.8,0.8,746129,Thursday,132834.0,1.448,1891.0,1.589,24.2,3.91,305.22
CAMP_0496,11881.29,22.0,2.6,21.9,353567,Thursday,192703.0,0.995,1910.0,3.181,46.3,6.22,256.79
CAMP_0497,2015.83,18.6,13.5,3.7,301464,Sunday,41131.0,1.816,728.0,1.581,11.1,2.77,181.71
CAMP_0498,19500.7,78.0,96.3,10.8,555096,Tuesday,308891.0,5.018,15430.0,1.458,222.8,1.26,87.54
CAMP_0499,19731.11,35.0,55.0,33.9,586677,Saturday,310523.0,2.936,9090.0,3.893,352.2,2.17,56.02
CAMP_0500,14114.15,5.8,96.6,80.3,498906,Wednesday,227142.0,3.18,7295.0,7.059,509.9,1.93,27.68
CAMP_0501,10953.88,96.9,43.2,57.2,128581,Monday,171845.0,4.724,8184.0,5.908,487.6,1.34,22.47
CAMP_0502,6535.79,88.4,31.2,51.3,137927,Friday,106347.0,4.521,4831.0,5.593,282.3,1.35,23.15
CAMP_0503,16369.0,92.8,50.6,29.3,44773,Sunday,251063.0,4.413,11113.0,3.076,337.7,1.47,48.48
CAMP_0504,13852.26,99.5,44.0,93.2,716528,Saturday,227486.0,4.925,11307.0,9.02,1026.9,1.23,13.49
CAMP_0505,3671.03,17.4,10.6,39.7,430963,Sunday,66866.0,1.877,1284.0,4.234,56.2,2.86,65.35
CAMP_0506,18263.08,39.6,64.1,8.7,348540,Wednesday,285333.0,3.341,9564.0,1.943,186.0,1.91,98.2
CAMP_0507,16539.48,75.8,21.6,61.7,511590,Tuesday,263185.0,3.15,8211.0,5.282,432.0,2.01,38.29
CAMP_0508,19021.1,69.6,62.0,11.4,379836,Sunday,296298.0,3.618,10664.0,2.027,215.7,1.78,88.17
CAMP_0509,14651.53,15.4,65.0,34.5,224764,Wednesday,227877.0,3.152,7181.0,3.424,251.6,2.04,58.22
CAMP_0510,12461.6,81.6,15.2,50.7,591793,Wednesday,203013.0,3.254,6566.0,5.297,342.1,1.9,36.43
CAMP_0511,8655.74,22.4,6.1,87.4,882328,Tuesday,151250.0,1.026,1502.0,8.727,129.7,5.76,66.72
CAMP_0512,18688.21,22.4,78.1,49.4,552423,Thursday,298080.0,2.716,8051.0,5.093,416.3,2.32,44.89
CAMP_0513,17388.25,53.7,46.0,70.2,625175,Thursday,280530.0,2.959,8231.0,6.168,512.6,2.11,33.92
CAMP_0514,1381.76,59.3,5.8,99.3,132118,Monday,27023.0,2.7,690.0,9.256,58.3,2.0,23.72
CAMP_0515,1014.16,58.0,99.5,13.1,319521,Monday,26899.0,5.045,1374.0,2.253,30.0,0.74,33.76
CAMP_0516,7841.04,9.1,5.8,27.5,164626,Thursday,127282.0,1.115,1508.0,4.227,67.4,5.2,116.33
CAMP_0517,16305.79,87.7,69.5,39.5,858923,Saturday,264523.0,4.91,13027.0,4.284,561.3,1.25,29.05
CAMP_0518,19751.88,26.6,98.4,42.2,983125,Friday,321852.0,3.382,10918.0,4.082,450.5,1.81,43.84
CAMP_0519,3433.13,13.0,23.9,41.1,255739,Wednesday,64395.0,1.268,735.0,4.673,36.3,4.67,94.65
CAMP_0520,12085.55,88.9,14.2,90.8,854715,Friday,204805.0,3.19,6539.0,8.197,538.8,1.85,22.43
CAMP_0521,7927.37,95.6,12.1,71.4,488356,Wednesday,133682.0,3.842,5133.0,6.752,348.3,1.54,22.76
CAMP_0522,19413.33,86.2,30.3,60.8,289067,Thursday,301921.0,3.526,10659.0,5.399,583.4,1.82,33.28
CAMP_0523,16921.32,81.0,10.1,30.9,319735,Monday,262942.0,2.967,7783.0,3.414,263.6,2.17,64.2
CAMP_0524,16847.41,65.5,69.2,82.4,596549,Saturday,269363.0,4.141,11238.0,7.606,854.9,1.5,19.71
CAMP_0525,9639.52,55.1,6.2,95.5,326480,Monday,157820.0,1.807,2855.0,8.576,239.8,3.38,40.2
CAMP_0526,8588.98,8.7,50.9,82.1,346227,Friday,140696.0,2.049,2890.0,7.274,204.1,2.97,42.07
CAMP_0527,5831.44,40.8,99.7,0.2,595236,Monday,102191.0,4.185,4179.0,1.157,50.0,1.4,116.73
CAMP_0528,1599.32,37.3,81.4,63.6,250891,Thursday,33843.0,4.008,1351.0,5.629,72.4,1.18,22.08
CAMP_0529,17362.09,26.0,61.5,5.1,174074,Saturday,269044.0,2.571,6976.0,0.83,57.6,2.49,301.53
CAMP_0530,16351.57,72.3,30.6,25.8,483314,Friday,260261.0,3.046,7956.0,3.416,279.8,2.06,58.43
CAMP_0531,19994.49,49.6,62.4,6.0,519452,Saturday,313736.0,3.435,10670.0,1.785,198.3,1.87,100.85
CAMP_0532,19934.42,8.1,52.7,60.4,298816,Wednesday,310262.0,1.731,5349.0,5.177,288.0,3.73,69.21
CAMP_0533,11330.92,22.0,42.6,68.7,800645,Monday,190956.0,2.238,4359.0,5.578,251.3,2.6,45.08
CAMP_0534,15495.25,68.3,13.1,11.4,151365,Saturday,238318.0,2.319,5518.0,1.412,89.9,2.81,172.35
CAMP_0535,18922.93,7.6,88.7,38.4,459076,Tuesday,297808.0,2.763,8245.0,4.007,332.5,2.29,56.9
CAMP_0536,17068.12,85.1,45.0,45.6,72507,Monday,261725.0,3.9,10287.0,5.227,533.2,1.66,32.01
CAMP_0537,5323.29,49.5,19.5,36.9,67134,Wednesday,85801.0,2.642,2259.0,3.876,82.6,2.36,64.47
CAMP_0538,9285.61,48.1,36.8,12.1,143172,Saturday,145381.0,2.618,3846.0,1.584,67.9,2.41,136.8
CAMP_0539,3018.61,59.2,41.4,41.9,251225,Friday,56995.0,2.792,1612.0,4.426,71.6,1.87,42.17
CAMP_0540,19104.0,82.5,82.8,75.1,203069,Wednesday,295227.0,4.982,14740.0,6.952,1025.4,1.3,18.63
CAMP_0541,12320.41,34.8,73.4,7.1,824604,Tuesday,204303.0,3.473,7115.0,0.878,59.7,1.73,206.39
CAMP_0542,4958.53,67.8,76.9,8.0,816564,Saturday,95224.0,4.376,4140.0,0.954,37.3,1.2,132.79
CAMP_0543,13598.16,56.6,1.1,35.5,783221,Sunday,224362.0,2.041,4558.0,3.164,146.1,2.98,93.06
CAMP_0544,12553.5,26.7,41.6,94.2,814631,Sunday,207799.0,2.14,4404.0,9.774,425.2,2.85,29.53
CAMP_0545,7484.17,87.9,48.1,66.9,570897,Thursday,128621.0,4.373,5543.0,6.779,377.0,1.35,19.85
CAMP_0546,2714.37,79.7,1.9,67.9,184037,Monday,48497.0,2.673,1359.0,6.133,90.9,2.0,29.87
CAMP_0547,13595.68,65.8,26.0,36.2,673376,Friday,222806.0,3.026,6743.0,4.449,289.4,2.02,46.98
CAMP_0548,10646.0,85.1,76.0,59.4,442995,Thursday,175157.0,5.178,9129.0,5.465,491.2,1.17,21.67
CAMP_0549,15560.21,86.7,13.7,1.0,506013,Saturday,247659.0,3.054,7642.0,1.619,127.1,2.04,122.44
CAMP_0550,10643.19,70.8,53.5,63.6,304025,Sunday,170568.0,3.95,6741.0,6.129,419.9,1.58,25.34
CAMP_0551,17117.54,83.7,21.5,91.3,747954,Sunday,274753.0,3.012,8211.0,7.977,652.5,2.08,26.23
CAMP_0552,11262.18,69.7,1.2,61.3,820904,Sunday,188967.0,2.691,5075.0,6.24,306.7,2.22,36.72
CAMP_0553,11438.29,68.0,24.1,87.4,510098,Saturday,186980.0,2.85,5295.0,8.058,433.8,2.16,26.36
CAMP_0554,17594.75,61.9,97.6,72.4,717173,Sunday,281459.0,5.101,14259.0,6.991,992.8,1.23,17.72
CAMP_0555,8367.92,75.3,80.2,12.1,765728,Wednesday,147095.0,4.319,6328.0,2.072,129.3,1.32,64.71
CAMP_0556,3113.3,15.9,96.0,90.2,267803,Saturday,55677.0,3.507,1949.0,8.322,163.8,1.6,19.01
CAMP_0557,1061.26,88.1,48.8,6.6,701381,Friday,35375.0,4.729,1641.0,1.932,28.4,0.65,37.42
CAMP_0558,15225.18,87.2,11.0,53.4,326275,Thursday,242073.0,3.081,7419.0,6.564,482.6,2.05,31.55
CAMP_0559,12596.04,2.9,54.8,14.2,689447,Friday,208044.0,1.699,3471.0,2.761,91.6,3.63,137.57
CAMP_0560,14229.56,82.6,45.4,1.2,22828,Tuesday,219045.0,3.83,8400.0,1.203,110.4,1.69,128.92
CAMP_0561,4652.8,12.9,84.4,42.2,989114,Sunday,94191.0,2.852,2780.0,4.221,123.1,1.67,37.79
CAMP_0562,3159.24,33.5,9.8,29.5,893096,Tuesday,70477.0,1.906,1407.0,3.26,48.7,2.25,64.81
CAMP_0563,783.62,74.4,48.8,48.6,526835,Monday,27296.0,3.781,1065.0,4.26,34.4,0.74,22.76
CAMP_0564,7336.46,16.1,15.0,57.7,666761,Monday,128076.0,1.021,1342.0,5.95,82.7,5.47,88.7
CAMP_0565,12003.39,81.8,32.5,4.4,811625,Tuesday,199981.0,3.16,6313.0,0.842,55.8,1.9,215.11
CAMP_0566,8148.76,83.2,73.7,12.3,233461,Saturday,131499.0,5.32,6906.0,1.798,117.8,1.18,69.19
CAMP_0567,9030.76,50.7,47.6,55.9,448080,Friday,149441.0,3.717,5536.0,5.804,322.6,1.63,27.99
CAMP_0568,18131.09,0.6,37.6,34.3,423523,Tuesday,286213.0,1.627,4608.0,3.627,172.4,3.93,105.18
CAMP_0569,7290.98,28.7,39.4,72.9,374662,Monday,122980.0,2.104,2595.0,6.587,173.8,2.81,41.95
CAMP_0570,10522.8,61.7,45.9,65.2,291755,Tuesday,166871.0,3.724,6275.0,5.62,349.3,1.68,30.13
CAMP_0571,15781.23,98.1,78.5,84.6,709151,Saturday,256525.0,5.691,14697.0,8.367,1229.8,1.07,12.83
CAMP_0572,8232.58,63.2,89.2,69.2,939454,Tuesday,146867.0,4.549,6685.0,6.123,413.0,1.23,19.93
CAMP_0573,12630.69,26.0,95.5,43.0,348384,Friday,202047.0,3.68,7352.0,4.147,305.2,1.72,41.39
CAMP_0574,17316.09,63.4,78.7,67.3,249719,Thursday,269323.0,4.739,12766.0,5.488,706.8,1.36,24.5
CAMP_0575,19015.65,54.0,31.5,27.5,742763,Saturday,304529.0,2.416,7363.0,3.193,237.1,2.58,80.21
CAMP_0576,3367.93,78.0,68.8,30.6,799177,Monday,71319.0,4.859,3500.0,3.284,118.7,0.96,28.38
CAMP_0577,18568.46,10.7,43.8,78.9,851675,Friday,302387.0,1.822,5509.0,7.403,411.9,3.37,45.08
CAMP_0578,10096.27,76.1,25.5,44.6,276010,Tuesday,161223.0,3.086,4979.0,3.984,193.0,2.03,52.31
CAMP_0579,5535.77,54.1,84.1,79.8,697605,Tuesday,103649.0,3.917,4028.0,7.754,312.6,1.37,17.71
CAMP_0580,9453.15,96.3,3.8,82.2,447940,Thursday,156921.0,3.226,5046.0,6.66,334.4,1.87,28.27
CAMP_0581,19610.64,34.2,90.2,85.8,925113,Monday,317503.0,3.417,10875.0,7.814,855.0,1.8,22.94
CAMP_0582,10106.05,63.3,46.1,91.7,605642,Monday,168273.0,4.083,6770.0,8.391,570.4,1.49,17.72
CAMP_0583,6910.66,93.2,63.7,43.1,61374,Wednesday,109831.0,5.036,5516.0,4.477,246.0,1.25,28.09
CAMP_0584,12851.32,10.3,65.9,31.9,124397,Monday,199766.0,2.775,5578.0,3.63,196.1,2.3,65.54
CAMP_0585,5182.84,93.7,89.5,58.2,258552,Thursday,88582.0,5.718,5147.0,6.052,303.5,1.01,17.08
CAMP_0586,1979.33,68.8,63.7,37.1,396721,Sunday,41415.0,4.174,1709.0,4.632,80.7,1.16,24.53
CAMP_0587,3013.15,6.8,61.4,60.1,433332,Wednesday,58473.0,2.261,1381.0,5.731,75.6,2.18,39.87
CAMP_0588,2996.89,30.1,6.7,70.6,877461,Wednesday,67927.0,1.45,1070.0,6.161,69.2,2.8,43.29
CAMP_0589,3462.1,70.8,51.8,68.8,890006,Tuesday,73895.0,3.826,2808.0,6.788,182.4,1.23,18.98
CAMP_0590,3207.13,6.7,15.0,37.5,947951,Tuesday,72388.0,0.655,446.0,3.856,25.2,7.19,127.4
CAMP_0591,12997.06,58.2,73.7,16.7,302575,Monday,205534.0,4.415,9065.0,2.967,272.3,1.43,47.73
CAMP_0592,4046.66,34.6,51.2,43.1,421124,Wednesday,75069.0,2.274,1703.0,4.143,71.1,2.38,56.95
CAMP_0593,7240.51,62.1,68.0,14.3,39336,Tuesday,115383.0,3.746,4376.0,1.712,83.3,1.65,86.89
CAMP_0594,17987.37,4.6,4.2,89.0,837424,Thursday,293048.0,1.345,3903.0,8.193,324.5,4.61,55.43
CAMP_0595,9742.25,87.2,8.5,34.6,65350,Tuesday,152759.0,3.367,5221.0,2.897,148.9,1.87,65.44
CAMP_0596,13517.38,97.3,71.6,15.4,603849,Saturday,219522.0,5.265,11517.0,2.002,231.0,1.17,58.53
CAMP_0597,3860.24,96.9,7.2,2.5,520470,Saturday,72240.0,3.778,2666.0,1.039,17.9,1.45,216.02
CAMP_0598,4249.64,75.0,7.1,64.6,848387,Tuesday,86390.0,2.465,2156.0,6.277,140.6,1.97,30.22
CAMP_0599,1296.94,13.0,1.2,63.7,71240,Wednesday,26919.0,0.502,197.0,5.597,9.5,6.59,136.04
