store_id,store_location,store_size,marketing_spend,price_discount,staff_count,competitor_proximity,foot_traffic,inventory_level,conversion_rate,customer_satisfaction,sales
STORE_000,Suburban,7283.0,3591.86,15.6,9,7.1,3013.0,3673.0,24.23,71.0,63267.9
STORE_001,Rural,5825.0,8586.61,14.4,5,5.56,6971.0,2815.0,27.2,63.5,154348.83
STORE_002,Suburban,3786.0,13221.24,0.8,16,4.76,10890.0,2215.0,17.8,82.4,157303.11
STORE_003,Suburban,8324.0,11251.15,10.2,12,1.3,9255.0,4233.0,22.16,65.1,163656.9
STORE_004,Urban,7163.0,12291.86,11.4,18,4.29,10172.0,3510.0,24.36,86.1,201706.98
STORE_005,Urban,2464.0,10222.97,12.0,18,9.15,8626.0,1487.0,21.34,78.0,154688.32
STORE_006,Urban,9198.0,10691.87,17.4,24,8.18,8977.0,4335.0,23.11,87.6,169685.97
STORE_007,Rural,8403.0,12888.74,16.0,12,2.55,10399.0,4649.0,25.25,79.0,212847.45
STORE_008,Suburban,9548.0,4495.35,18.2,15,4.93,3811.0,4738.0,25.83,75.9,81950.4
STORE_009,Suburban,7531.0,7851.95,22.9,8,8.26,6402.0,3512.0,28.37,72.8,146291.8
STORE_010,Urban,6521.0,4096.93,24.4,14,1.14,3831.0,3642.0,32.07,82.5,99445.38
STORE_011,Rural,4764.0,14827.35,21.5,11,4.18,11922.0,2289.0,28.26,73.8,270435.87
STORE_012,Rural,9395.0,14216.83,28.7,15,8.59,11324.0,4746.0,32.73,79.6,297145.66
STORE_013,Urban,8795.0,1551.98,0.5,6,4.34,1687.0,4541.0,14.67,66.6,20660.78
STORE_014,Urban,1407.0,10878.05,5.9,13,1.24,9141.0,940.0,20.29,76.2,149203.72
STORE_015,Urban,1237.0,13953.48,0.2,22,5.65,11526.0,679.0,16.54,80.8,153678.09
STORE_016,Suburban,4388.0,3528.05,19.4,20,8.69,2971.0,2065.0,28.4,82.5,68705.89
STORE_017,Suburban,8295.0,8951.23,26.9,13,6.11,7374.0,4191.0,30.17,69.2,180050.25
STORE_018,Suburban,9885.0,13816.84,7.3,23,2.65,11245.0,4859.0,21.99,83.1,199886.59
STORE_019,Urban,2354.0,1475.24,27.8,6,4.15,1687.0,1227.0,35.36,57.2,49272.84
STORE_020,Suburban,6347.0,10763.88,1.8,20,4.78,8873.0,3499.0,17.77,85.3,131061.22
STORE_021,Urban,4428.0,5162.89,28.0,3,6.0,4522.0,2365.0,30.2,72.1,110968.9
STORE_022,Urban,9729.0,13941.55,10.5,9,7.71,11492.0,4906.0,19.72,68.5,187385.15
STORE_023,Suburban,8579.0,14594.82,3.0,8,1.44,11950.0,4437.0,16.07,74.4,156088.49
STORE_024,Suburban,8545.0,14219.73,14.6,17,8.95,11586.0,4434.0,22.62,86.0,210688.35
STORE_025,Suburban,5218.0,7639.0,7.7,20,0.62,6439.0,2394.0,19.48,78.0,104725.96
STORE_026,Urban,4733.0,13068.6,8.5,13,4.02,10948.0,2375.0,21.39,70.7,188730.89
STORE_027,Suburban,3461.0,12823.69,9.2,22,0.76,10524.0,2243.0,21.11,91.4,174882.64
STORE_028,Suburban,1507.0,5467.41,24.1,17,4.23,4464.0,996.0,29.86,79.9,108277.5
STORE_029,Urban,8783.0,12604.82,16.2,18,5.5,10564.0,4291.0,24.22,75.1,205924.69
STORE_030,Suburban,8316.0,1518.11,9.3,9,5.36,1426.0,4037.0,20.46,67.6,28098.58
STORE_031,Urban,9997.0,9347.78,18.3,23,2.07,7980.0,4871.0,27.58,89.7,176317.22
STORE_032,Urban,9970.0,4220.12,21.5,12,6.63,3860.0,5158.0,23.87,70.4,74702.68
STORE_033,Rural,5999.0,2687.94,8.2,14,0.93,2408.0,3321.0,19.88,62.9,42268.28
STORE_034,Rural,7921.0,2077.34,12.4,16,7.74,1663.0,4077.0,23.02,77.6,33175.85
STORE_035,Rural,9503.0,10748.04,3.7,7,9.49,8613.0,4783.0,18.76,67.2,130507.75
STORE_036,Suburban,8647.0,5758.25,5.4,23,3.73,4919.0,4235.0,16.24,87.6,64361.99
STORE_037,Urban,3226.0,11146.73,20.4,20,5.41,9294.0,1679.0,25.13,90.3,189471.23
STORE_038,Suburban,5055.0,1914.99,5.4,7,4.1,1741.0,2363.0,19.43,68.7,28506.39
STORE_039,Suburban,2162.0,5414.06,15.8,5,0.56,4593.0,694.0,20.64,67.2,75704.29
STORE_040,Urban,9586.0,8552.88,21.3,7,4.17,7278.0,5121.0,30.43,73.7,177467.28
STORE_041,Suburban,6456.0,12070.12,3.2,19,8.02,9825.0,3027.0,17.38,82.9,136759.24
STORE_042,Urban,3058.0,5462.54,17.0,21,6.16,4748.0,1464.0,28.33,95.9,107608.8
STORE_043,Rural,7045.0,9762.48,7.7,21,1.46,7890.0,3654.0,17.44,78.9,113731.56
STORE_044,Urban,6563.0,13403.69,28.9,23,8.55,11135.0,3568.0,31.46,82.9,283689.48
STORE_045,Suburban,4223.0,9622.08,14.5,14,5.55,7981.0,2163.0,18.89,79.9,124179.28
STORE_046,Suburban,2022.0,4261.43,24.2,11,8.5,3656.0,772.0,27.92,79.5,83283.53
STORE_047,Suburban,7044.0,1341.61,16.5,3,6.01,1259.0,3462.0,24.54,62.6,25653.85
STORE_048,Suburban,5683.0,13181.38,1.3,20,5.82,10801.0,2706.0,11.86,78.9,103706.49
STORE_049,Urban,7951.0,1297.77,19.0,23,1.5,1528.0,3968.0,25.61,96.4,35461.72
STORE_050,Rural,5681.0,13245.82,28.5,6,2.09,10687.0,3087.0,28.15,63.2,238449.99
STORE_051,Suburban,8670.0,8405.12,18.0,12,9.73,6915.0,3827.0,25.31,76.1,140717.67
STORE_052,Rural,5967.0,14146.95,24.6,9,2.67,11397.0,2901.0,32.04,77.4,292033.76
STORE_053,Rural,6048.0,12182.97,26.5,24,9.79,9731.0,2927.0,30.85,86.6,244720.52
STORE_054,Suburban,8890.0,14971.08,6.8,3,5.55,12125.0,4194.0,22.42,60.5,217951.62
STORE_055,Rural,4631.0,5909.97,6.4,19,1.79,4828.0,2433.0,20.39,80.0,77200.83
STORE_056,Urban,2206.0,11740.64,18.3,4,1.44,9884.0,820.0,28.69,69.3,228752.54
STORE_057,Urban,1259.0,6627.03,12.3,13,2.48,5843.0,370.0,20.87,80.9,98441.38
STORE_058,Urban,7796.0,7718.26,25.2,11,9.29,6518.0,4068.0,28.54,73.4,149361.08
STORE_059,Suburban,6583.0,9785.08,27.0,9,4.43,8010.0,3592.0,31.89,80.2,204816.19
STORE_060,Suburban,7337.0,13231.48,10.6,24,4.26,10896.0,3653.0,18.21,89.0,159265.47
STORE_061,Urban,2917.0,14777.17,7.1,19,3.48,12244.0,1215.0,20.21,89.3,201190.56
STORE_062,Rural,2227.0,11755.83,23.4,19,1.9,9439.0,973.0,28.4,80.6,216570.47
STORE_063,Suburban,1131.0,6848.73,8.2,4,5.13,5709.0,767.0,22.61,76.5,104413.41
STORE_064,Urban,4155.0,6899.0,24.7,8,1.74,5977.0,2101.0,31.17,77.5,148479.52
STORE_065,Suburban,6309.0,11326.15,12.7,16,8.44,9349.0,3134.0,24.82,78.6,187036.78
STORE_066,Urban,4530.0,4342.88,20.0,8,4.02,3938.0,2328.0,25.51,76.8,82527.61
STORE_067,Rural,4937.0,2546.64,2.9,4,4.06,2119.0,2461.0,18.82,71.7,34053.0
STORE_068,Urban,9137.0,5964.71,18.7,3,5.0,5150.0,4878.0,29.12,71.4,121974.39
STORE_069,Rural,4134.0,5021.35,13.6,12,4.72,4113.0,1917.0,23.05,62.0,75344.9
STORE_070,Suburban,5626.0,5148.31,17.6,23,9.95,4342.0,2640.0,24.08,91.2,80798.97
STORE_071,Urban,8053.0,4270.51,5.0,7,5.68,3847.0,3750.0,16.58,71.1,56234.75
STORE_072,Urban,4569.0,1589.3,22.1,4,1.34,1709.0,2176.0,30.74,67.2,40862.87
STORE_073,Rural,6599.0,1250.24,25.9,24,6.27,1083.0,3081.0,35.9,89.9,29129.16
STORE_074,Suburban,8761.0,14828.11,6.5,18,1.94,12131.0,4424.0,16.94,82.8,166518.64
STORE_075,Suburban,9546.0,6988.82,2.9,4,0.79,5902.0,4777.0,14.61,71.2,67204.08
STORE_076,Suburban,2324.0,6380.57,0.7,12,9.72,5241.0,946.0,17.27,77.1,72380.72
STORE_077,Urban,9339.0,10515.06,19.3,4,7.85,8775.0,4787.0,25.05,65.9,178497.46
STORE_078,Suburban,5429.0,4055.55,18.2,18,9.81,3376.0,3018.0,27.96,87.3,80977.17
STORE_079,Urban,3324.0,14299.46,16.4,18,5.04,11911.0,1734.0,25.77,83.7,248106.2
STORE_080,Rural,5132.0,12008.83,7.0,21,5.56,9655.0,2057.0,19.13,87.8,148722.26
STORE_081,Suburban,9820.0,2251.75,11.7,9,2.1,2047.0,5308.0,22.92,80.1,39295.85
STORE_082,Suburban,5434.0,6846.13,17.8,24,2.85,5687.0,2866.0,26.46,86.6,118648.0
STORE_083,Urban,3959.0,13307.66,14.9,14,8.47,11042.0,2371.0,23.58,69.2,208917.47
STORE_084,Suburban,6701.0,14226.25,29.6,17,3.88,11638.0,3568.0,29.27,80.8,273393.12
STORE_085,Suburban,3161.0,7543.62,4.1,10,8.35,6187.0,1839.0,17.81,73.1,90030.31
STORE_086,Suburban,1683.0,9587.76,20.9,8,7.24,7826.0,882.0,30.66,73.2,197345.79
STORE_087,Suburban,2160.0,3338.48,12.1,12,2.18,3032.0,1027.0,19.06,74.9,43906.53
STORE_088,Rural,2152.0,14876.36,12.8,5,5.32,11877.0,1151.0,20.78,69.8,198047.41
STORE_089,Suburban,2367.0,4243.4,21.5,21,6.94,3615.0,1042.0,28.77,97.7,81551.72
STORE_090,Urban,2249.0,14198.24,20.8,19,2.73,11882.0,1211.0,27.54,86.8,262587.87
STORE_091,Suburban,6768.0,10095.05,29.7,9,8.39,8081.0,2859.0,33.66,75.7,217560.15
STORE_092,Suburban,2637.0,9508.32,3.9,23,5.68,7861.0,1327.0,15.91,87.0,98889.81
STORE_093,Suburban,4111.0,8177.64,3.1,22,2.07,6800.0,2324.0,19.2,79.5,107974.64
STORE_094,Suburban,9071.0,4229.38,21.7,6,6.04,3606.0,4554.0,28.13,55.7,83002.02
STORE_095,Suburban,5266.0,3471.39,17.4,16,10.0,2911.0,2978.0,26.8,76.6,65695.94
STORE_096,Suburban,7008.0,4086.81,8.2,22,1.93,3594.0,3451.0,20.58,73.5,59742.12
STORE_097,Suburban,2551.0,3610.14,2.4,24,8.26,3082.0,1476.0,16.78,91.4,43138.87
STORE_098,Urban,2731.0,11914.18,2.6,17,2.47,10001.0,1190.0,17.8,78.5,147195.29
STORE_099,Urban,1368.0,5901.75,26.8,10,7.93,5057.0,876.0,31.47,65.4,128667.46
STORE_100,Urban,2520.0,1809.8,5.8,23,7.48,1930.0,1307.0,16.07,88.3,28260.49
STORE_101,Suburban,3507.0,14567.44,9.7,17,3.35,11904.0,1710.0,23.0,76.7,219376.84
STORE_102,Suburban,2593.0,13373.0,6.8,24,3.6,11059.0,782.0,20.72,91.1,186570.79
STORE_103,Suburban,1798.0,13988.53,10.6,22,8.03,11467.0,848.0,17.18,89.9,158308.06
STORE_104,Rural,2086.0,14928.71,2.1,16,4.88,11931.0,1086.0,14.94,75.7,140383.83
STORE_105,Urban,5147.0,3434.53,15.6,11,7.44,3103.0,2739.0,26.43,72.0,67171.46
STORE_106,Suburban,2857.0,6547.39,2.0,10,1.91,5457.0,1741.0,12.56,73.1,55458.47
STORE_107,Suburban,4278.0,11615.34,24.0,19,8.6,9461.0,2546.0,31.29,75.8,235244.45
STORE_108,Urban,5531.0,10744.29,7.0,4,7.25,8996.0,3015.0,18.92,65.9,138045.94
STORE_109,Urban,7214.0,3154.54,16.2,5,9.12,2898.0,3494.0,27.4,58.8,63099.1
STORE_110,Urban,1354.0,12421.66,26.4,10,1.76,10464.0,616.0,30.84,74.8,265865.14
STORE_111,Urban,8195.0,4142.17,19.5,14,6.13,3796.0,4245.0,25.27,74.6,75529.09
STORE_112,Rural,6651.0,4133.45,16.0,3,6.19,3412.0,3429.0,25.21,56.4,67690.76
STORE_113,Rural,1736.0,8517.64,9.7,12,3.86,6878.0,1194.0,20.78,71.5,117556.75
STORE_114,Suburban,8862.0,9301.16,10.0,22,4.86,7629.0,4927.0,19.37,83.7,119887.67
STORE_115,Rural,9288.0,9121.21,20.1,5,0.86,7434.0,5097.0,31.49,71.3,190647.12
STORE_116,Rural,1550.0,2280.82,29.8,8,7.59,1882.0,1074.0,30.95,70.5,48829.89
STORE_117,Urban,3492.0,13284.45,19.9,9,5.72,11033.0,1852.0,22.43,66.0,198192.97
STORE_118,Rural,8256.0,4718.4,16.7,22,1.05,3842.0,4398.0,28.2,94.6,86034.53
STORE_119,Suburban,7734.0,2813.21,21.9,20,6.97,2480.0,4199.0,26.98,87.1,57635.7
STORE_120,Rural,2661.0,13442.47,14.0,13,4.93,10810.0,1301.0,22.78,73.9,195975.6
STORE_121,Rural,2884.0,14379.12,1.8,21,0.83,11620.0,1336.0,15.37,77.4,145579.57
STORE_122,Suburban,4334.0,13069.79,16.9,7,9.71,10607.0,2014.0,23.98,66.3,206774.46
STORE_123,Urban,5361.0,12333.23,28.7,21,9.52,10212.0,2505.0,30.7,84.1,252395.86
STORE_124,Urban,6564.0,10173.39,5.3,13,5.37,8540.0,3006.0,16.16,77.4,111505.81
STORE_125,Suburban,4320.0,8712.0,20.7,14,1.39,7185.0,2210.0,27.55,79.8,158089.37
STORE_126,Rural,5163.0,2217.81,6.0,12,7.67,1804.0,2381.0,17.81,78.4,28315.08
STORE_127,Rural,7727.0,6718.34,16.1,10,5.17,5482.0,3707.0,26.11,63.9,109865.83
STORE_128,Urban,1330.0,6217.64,2.9,11,3.37,5437.0,805.0,17.71,74.2,79965.08
STORE_129,Suburban,3272.0,4636.55,13.5,6,5.17,3979.0,1672.0,21.25,66.4,69300.93
STORE_130,Suburban,7420.0,11127.88,22.7,7,5.46,9084.0,3796.0,28.83,81.8,210877.06
STORE_131,Urban,9057.0,7942.26,10.4,23,5.85,6702.0,4801.0,20.42,87.9,111973.87
STORE_132,Urban,5605.0,2134.65,19.9,10,4.69,2125.0,2975.0,24.99,68.9,41255.06
STORE_133,Suburban,5789.0,4082.56,23.9,11,6.25,3442.0,3198.0,30.7,73.8,81324.33
STORE_134,Rural,1965.0,10565.62,27.8,17,9.23,8439.0,998.0,31.45,80.4,214885.13
STORE_135,Suburban,5027.0,2065.83,7.0,17,3.94,1904.0,2836.0,18.41,70.5,32225.65
STORE_136,Suburban,5794.0,12916.9,12.0,18,7.39,10497.0,2969.0,20.48,83.6,170303.71
STORE_137,Suburban,3182.0,7932.05,4.6,16,9.0,6448.0,1625.0,15.69,77.6,80454.46
STORE_138,Suburban,3423.0,7728.21,29.8,10,4.83,6382.0,2004.0,36.84,71.9,191148.12
STORE_139,Rural,4396.0,9293.71,27.8,20,4.71,7531.0,2023.0,32.35,79.6,197346.69
STORE_140,Rural,1181.0,12545.53,16.2,12,6.22,10127.0,995.0,22.54,68.9,189934.67
STORE_141,Urban,3899.0,5869.33,25.3,22,6.12,5137.0,1893.0,30.73,90.8,130353.51
STORE_142,Suburban,2903.0,10492.23,15.6,8,8.16,8593.0,1208.0,26.5,75.1,185405.25
STORE_143,Suburban,3947.0,8920.25,18.7,14,5.03,7352.0,2104.0,26.56,78.9,156376.65
STORE_144,Urban,2078.0,4738.4,2.7,4,9.96,4162.0,963.0,19.35,55.7,66640.55
STORE_145,Urban,9015.0,13300.82,22.7,9,1.06,11123.0,4913.0,25.51,73.2,231683.3
STORE_146,Suburban,6342.0,12163.96,3.8,18,0.53,10029.0,3085.0,13.32,72.6,108115.05
STORE_147,Suburban,7112.0,10218.33,24.8,5,6.58,8329.0,3619.0,30.39,62.7,203695.9
STORE_148,Urban,8103.0,12908.14,23.5,15,3.34,10779.0,3766.0,29.63,82.3,257611.12
STORE_149,Urban,5486.0,13142.12,21.3,5,2.78,10991.0,2906.0,21.08,69.3,185538.11
STORE_150,Rural,1782.0,10917.08,1.1,20,3.46,8849.0,736.0,14.4,86.3,104264.75
STORE_151,Urban,5834.0,12718.19,9.1,13,2.93,10566.0,3056.0,18.44,82.2,158147.83
STORE_152,Urban,6282.0,10764.6,7.9,10,0.79,9105.0,3055.0,16.95,74.8,128082.73
STORE_153,Suburban,7709.0,10521.97,10.8,8,9.73,8499.0,3445.0,19.46,59.5,133305.36
STORE_154,Rural,4885.0,9660.56,2.6,3,2.6,7848.0,2469.0,17.77,61.8,114272.23
STORE_155,Urban,2148.0,11538.03,28.1,3,7.47,9583.0,1091.0,29.83,63.4,229701.5
STORE_156,Suburban,3554.0,3220.47,16.6,10,7.74,2845.0,1953.0,23.0,71.2,55163.31
STORE_157,Suburban,4268.0,13332.19,9.2,7,9.33,10832.0,2445.0,17.26,65.3,150509.69
STORE_158,Urban,6813.0,13205.81,11.9,18,0.79,11093.0,3789.0,24.68,76.4,221913.6
STORE_159,Suburban,6137.0,1409.46,13.4,13,8.78,1401.0,3241.0,23.92,87.6,30185.55
STORE_160,Suburban,4205.0,12561.43,18.0,7,5.51,10226.0,2158.0,20.83,66.5,169671.08
STORE_161,Suburban,9879.0,2804.18,15.5,6,6.51,2467.0,4654.0,22.32,79.0,48071.64
STORE_162,Suburban,6452.0,5691.66,27.6,8,6.62,4695.0,3266.0,32.61,63.9,123568.85
STORE_163,Suburban,3135.0,11409.12,14.9,16,8.29,9320.0,1611.0,26.51,82.5,198439.82
STORE_164,Urban,1916.0,3250.64,29.8,24,3.67,3134.0,918.0,34.54,89.9,87018.94
STORE_165,Rural,2376.0,12451.54,25.5,21,7.46,9968.0,1314.0,29.61,80.6,238427.15
STORE_166,Suburban,3214.0,12649.88,6.3,11,5.52,10293.0,1831.0,14.89,70.9,124110.77
STORE_167,Urban,2446.0,8104.55,27.9,14,8.04,6859.0,1059.0,33.49,76.7,186089.22
STORE_168,Urban,2679.0,1089.4,3.5,13,9.91,1325.0,1173.0,16.5,71.4,19759.63
STORE_169,Suburban,3566.0,5018.53,24.5,16,2.41,4317.0,1755.0,29.85,77.9,105966.39
STORE_170,Suburban,2560.0,9636.98,11.4,18,9.95,7815.0,1157.0,21.5,69.8,141402.98
STORE_171,Urban,9071.0,14736.61,26.3,3,1.35,12342.0,4207.0,28.09,67.2,279000.95
STORE_172,Suburban,1722.0,9845.39,26.0,15,0.52,8086.0,662.0,31.35,84.1,203059.49
STORE_173,Urban,5721.0,4637.25,24.2,23,0.92,4303.0,2614.0,29.96,89.9,101017.39
STORE_174,Suburban,4694.0,9876.08,23.7,23,3.75,8187.0,2588.0,28.37,98.9,185533.57
STORE_175,Urban,9841.0,8559.8,9.1,15,6.51,7338.0,5261.0,21.43,81.4,130149.29
STORE_176,Suburban,2008.0,11917.84,2.4,4,1.16,9735.0,785.0,13.71,70.5,109646.53
STORE_177,Suburban,4581.0,2497.73,12.1,6,0.55,2298.0,2400.0,21.72,73.4,38815.91
STORE_178,Rural,9725.0,11654.39,5.2,8,9.4,9326.0,5037.0,18.18,55.8,141899.26
STORE_179,Urban,8790.0,8577.73,20.8,7,8.31,7187.0,4096.0,24.04,70.5,140488.95
STORE_180,Suburban,8354.0,14481.89,10.4,5,8.19,11698.0,4209.0,21.12,59.1,199919.36
STORE_181,Urban,3321.0,5786.21,29.3,3,8.9,5021.0,2167.0,34.03,57.7,142429.83
STORE_182,Rural,2538.0,9856.71,19.2,6,7.15,7958.0,1404.0,25.93,62.2,169879.72
STORE_183,Rural,7018.0,14048.39,24.7,22,1.49,11431.0,3460.0,29.74,84.8,275373.6
STORE_184,Urban,9364.0,2435.14,4.0,4,4.29,2359.0,4570.0,18.51,68.1,38173.88
STORE_185,Suburban,6011.0,14121.2,25.9,7,7.37,11479.0,2601.0,29.74,70.6,276509.3
STORE_186,Rural,6145.0,10630.4,27.7,5,3.16,8538.0,3166.0,31.01,65.9,212827.17
STORE_187,Suburban,3520.0,1949.72,14.6,11,7.03,1831.0,2149.0,21.41,76.8,33590.28
STORE_188,Suburban,7925.0,5213.49,18.2,22,0.73,4463.0,3800.0,25.88,90.3,95562.27
STORE_189,Urban,2683.0,10914.41,22.9,8,3.41,9217.0,955.0,28.1,71.8,208395.06
STORE_190,Urban,3913.0,1942.91,5.2,20,5.72,2006.0,1824.0,19.15,75.4,30399.45
STORE_191,Rural,4829.0,9150.39,15.1,8,6.5,7446.0,2591.0,25.17,65.9,150860.31
STORE_192,Rural,5568.0,5842.36,12.0,21,5.98,4693.0,2699.0,23.76,85.3,89056.3
STORE_193,Suburban,3182.0,9692.82,4.4,14,7.13,7982.0,1427.0,16.62,80.5,107929.37
STORE_194,Suburban,2034.0,1640.39,11.0,13,0.56,1603.0,1021.0,17.26,69.0,20002.39
STORE_195,Suburban,6496.0,13201.52,2.0,4,1.46,10945.0,3294.0,17.71,64.7,157208.23
STORE_196,Suburban,3598.0,14628.85,0.8,17,8.75,11830.0,1521.0,16.33,72.6,152782.75
STORE_197,Rural,6231.0,14564.29,4.1,14,6.98,11755.0,3072.0,16.16,81.9,152981.13
STORE_198,Rural,2389.0,11495.13,28.9,14,1.57,9340.0,1095.0,33.45,78.0,252532.02
STORE_199,Suburban,5330.0,2821.21,16.5,11,8.5,2444.0,2537.0,21.99,66.5,46048.27
STORE_200,Suburban,5793.0,11615.68,29.0,23,2.8,9553.0,2693.0,34.45,80.8,266347.07
STORE_201,Urban,1466.0,1344.22,13.0,4,5.04,1567.0,921.0,22.12,66.7,29748.02
STORE_202,Urban,4029.0,1309.73,9.4,24,1.88,1533.0,1886.0,18.95,95.7,23012.19
STORE_203,Rural,2210.0,5530.54,15.2,5,7.25,4390.0,706.0,22.87,60.5,83507.54
STORE_204,Suburban,1570.0,7841.0,13.2,14,6.84,6531.0,838.0,22.45,80.7,116755.85
STORE_205,Urban,9910.0,11785.7,3.2,18,2.51,9943.0,5100.0,16.88,78.9,138272.97
STORE_206,Urban,3901.0,10566.14,19.2,23,8.7,8852.0,1791.0,26.63,91.7,191766.72
STORE_207,Suburban,8289.0,7242.64,6.5,3,4.31,5973.0,4033.0,18.03,67.0,90411.79
STORE_208,Urban,3292.0,4830.77,18.6,23,3.28,4267.0,1516.0,26.55,88.4,92529.92
STORE_209,Urban,7134.0,14959.74,19.5,5,1.95,12345.0,3497.0,26.72,56.8,263556.3
STORE_210,Suburban,7842.0,6966.54,4.6,22,3.03,5851.0,4142.0,16.44,89.8,76373.98
STORE_211,Suburban,6361.0,7319.42,1.8,4,0.71,6077.0,3158.0,14.51,67.3,69677.44
STORE_212,Suburban,5244.0,3290.73,23.4,11,6.04,2756.0,2790.0,30.27,75.3,65112.11
STORE_213,Urban,4707.0,12127.33,13.8,21,8.5,10138.0,2160.0,24.33,86.2,201003.43
STORE_214,Suburban,4140.0,10711.55,1.7,17,5.72,8822.0,1993.0,16.16,76.0,117813.02
STORE_215,Urban,9366.0,4090.77,29.8,20,2.58,3717.0,4874.0,34.76,89.4,106495.74
STORE_216,Suburban,8476.0,2153.33,1.7,13,0.82,2004.0,4077.0,12.12,80.1,21162.95
STORE_217,Suburban,9685.0,10526.99,20.9,18,2.54,8563.0,5045.0,26.38,76.2,186627.78
STORE_218,Suburban,2119.0,10163.16,29.5,24,4.45,8410.0,934.0,30.39,95.4,206235.3
STORE_219,Rural,7578.0,4825.63,7.2,19,7.72,3860.0,3725.0,23.82,83.5,75848.94
STORE_220,Suburban,9445.0,14312.09,4.3,7,2.28,11732.0,5057.0,18.99,69.0,179740.52
STORE_221,Suburban,2631.0,3114.81,3.6,14,7.34,2557.0,1228.0,17.03,75.9,35737.97
STORE_222,Urban,1598.0,7052.69,9.1,13,8.74,6060.0,828.0,22.03,75.2,109603.66
STORE_223,Suburban,7670.0,14210.62,3.0,17,4.81,11559.0,3958.0,19.05,87.3,176842.85
STORE_224,Urban,6170.0,6876.18,20.8,5,8.3,5808.0,3130.0,29.67,71.2,138028.4
STORE_225,Urban,8576.0,9939.36,1.9,3,5.77,8348.0,4339.0,17.96,68.7,122927.86
STORE_226,Rural,2258.0,6566.32,15.3,22,6.55,5275.0,1118.0,23.64,87.3,100586.08
STORE_227,Suburban,8157.0,4839.01,29.9,18,5.5,4142.0,3818.0,31.94,86.0,108018.89
STORE_228,Rural,2815.0,14775.69,24.4,4,4.9,11876.0,1477.0,27.73,60.6,264033.88
STORE_229,Suburban,2473.0,6730.68,18.5,4,2.73,5712.0,1090.0,27.08,67.7,125119.46
STORE_230,Suburban,2478.0,13517.39,9.2,5,3.38,11080.0,1394.0,20.19,65.2,179028.92
STORE_231,Suburban,8331.0,4219.36,18.7,10,3.25,3671.0,4440.0,25.39,61.7,74757.45
STORE_232,Suburban,6987.0,3983.47,15.8,17,5.85,3399.0,3132.0,23.55,72.5,63989.29
STORE_233,Suburban,5708.0,1435.88,12.8,9,1.64,1488.0,3129.0,25.57,67.5,33625.28
STORE_234,Urban,4229.0,10123.34,3.9,8,9.21,8403.0,2033.0,19.26,71.7,131337.49
STORE_235,Suburban,8895.0,6159.37,26.6,11,7.35,5123.0,4421.0,34.62,69.9,145340.71
STORE_236,Urban,4532.0,13101.02,13.5,22,4.31,10896.0,2084.0,24.15,83.4,214376.29
STORE_237,Urban,8349.0,7624.94,5.8,3,2.01,6640.0,4212.0,18.62,67.4,99528.44
STORE_238,Suburban,4952.0,14554.71,11.0,10,8.88,11886.0,2489.0,21.57,69.2,208358.11
STORE_239,Urban,4392.0,3597.36,12.4,5,8.33,3253.0,2412.0,20.41,72.7,54670.42
STORE_240,Rural,5164.0,13160.72,24.8,6,7.36,10504.0,2434.0,27.37,73.0,231276.86
STORE_241,Rural,3712.0,11872.36,22.0,17,3.08,9623.0,2188.0,29.22,80.5,229170.63
STORE_242,Rural,7728.0,11792.91,23.1,8,4.32,9436.0,3997.0,26.98,73.4,206432.55
STORE_243,Suburban,5524.0,12826.97,0.3,17,1.48,10621.0,2780.0,15.62,83.5,133833.2
STORE_244,Urban,3090.0,11654.34,12.5,23,2.3,9765.0,1509.0,24.72,86.4,195913.78
STORE_245,Rural,9096.0,9767.08,14.4,5,7.94,7843.0,4487.0,22.33,70.3,139228.11
STORE_246,Suburban,4455.0,2837.43,0.6,23,7.29,2427.0,2179.0,19.37,92.6,40050.61
STORE_247,Rural,5892.0,1455.37,7.8,23,6.14,1177.0,2980.0,17.7,82.8,15470.28
STORE_248,Rural,9158.0,13891.87,22.8,16,9.01,11165.0,4537.0,30.67,80.0,273768.0
STORE_249,Rural,6618.0,9633.1,4.1,22,6.04,7758.0,3181.0,18.32,87.1,116755.31
STORE_250,Urban,2052.0,12151.52,16.1,16,4.94,10149.0,1061.0,27.02,83.4,215799.39
STORE_251,Suburban,9458.0,7741.31,6.5,6,3.73,6387.0,4562.0,16.64,65.0,90160.85
STORE_252,Rural,6649.0,2642.31,0.4,14,9.43,2165.0,3389.0,19.83,73.8,37666.3
STORE_253,Suburban,4014.0,2752.6,7.2,19,1.29,2531.0,1962.0,18.98,83.6,36528.11
STORE_254,Urban,2253.0,10597.91,29.3,9,9.34,8828.0,1266.0,33.92,76.7,245936.91
STORE_255,Suburban,8146.0,7024.28,24.0,11,8.35,5858.0,4271.0,32.32,67.2,158342.0
STORE_256,Rural,6581.0,3807.35,28.8,5,1.73,3165.0,3488.0,31.06,60.9,79674.04
STORE_257,Suburban,5801.0,7882.32,14.6,15,5.87,6557.0,2964.0,25.43,75.4,133210.28
STORE_258,Suburban,9045.0,1898.93,3.3,17,8.73,1607.0,4609.0,15.43,78.7,25016.74
STORE_259,Urban,8097.0,9147.6,16.4,20,5.93,7747.0,3984.0,27.66,75.2,172418.17
STORE_260,Suburban,2365.0,4765.91,13.6,21,9.12,3962.0,1318.0,21.66,92.7,70896.88
STORE_261,Rural,3805.0,12165.83,25.3,3,9.46,9749.0,2061.0,30.28,62.9,239910.23
STORE_262,Urban,3236.0,5345.07,2.9,8,4.51,4714.0,1305.0,17.38,68.2,66655.68
STORE_263,Suburban,7696.0,7373.08,14.6,4,4.08,6143.0,3923.0,25.36,72.9,125796.28
STORE_264,Rural,1302.0,1162.69,4.5,16,9.4,970.0,925.0,21.64,82.8,15948.33
STORE_265,Suburban,6129.0,2014.26,9.7,8,6.91,1779.0,2993.0,19.94,66.9,28612.97
STORE_266,Suburban,7862.0,6494.91,22.1,16,1.6,5500.0,3816.0,30.55,80.0,135697.79
STORE_267,Suburban,8891.0,7719.14,14.3,6,0.9,6523.0,4361.0,27.51,67.0,142642.05
STORE_268,Suburban,4079.0,9400.29,11.3,23,5.86,7662.0,1738.0,22.1,94.8,135132.27
STORE_269,Urban,8391.0,5083.28,11.8,10,9.34,4388.0,4221.0,21.0,71.2,75413.33
STORE_270,Rural,1996.0,10729.75,13.8,5,8.52,8569.0,1004.0,19.81,58.8,133328.94
STORE_271,Rural,8618.0,13041.71,23.6,21,6.92,10425.0,4348.0,32.9,75.8,274334.05
STORE_272,Rural,2147.0,11917.91,26.8,16,1.82,9633.0,1157.0,30.57,86.6,241259.34
STORE_273,Rural,4576.0,1554.66,28.7,22,2.92,1402.0,2128.0,30.19,82.5,34921.18
STORE_274,Suburban,8176.0,7727.1,23.6,19,8.82,6422.0,4142.0,26.45,86.2,136861.59
STORE_275,Suburban,2349.0,2469.02,9.5,10,2.24,2247.0,1263.0,18.67,72.4,34372.9
STORE_276,Suburban,3063.0,4388.63,20.6,16,3.15,3748.0,1434.0,29.23,77.1,88565.13
STORE_277,Suburban,7500.0,14813.28,13.1,8,1.73,12165.0,3834.0,24.99,68.3,245931.36
STORE_278,Suburban,7480.0,2994.94,7.6,24,6.92,2474.0,3756.0,20.89,96.7,44472.47
STORE_279,Suburban,6770.0,7984.43,25.2,18,9.47,6493.0,3259.0,30.4,74.4,158774.7
STORE_280,Rural,7246.0,9654.18,1.2,21,3.06,7711.0,3679.0,13.2,83.3,82858.3
STORE_281,Suburban,5885.0,10834.51,27.1,16,5.02,8839.0,2884.0,29.77,83.7,214968.84
STORE_282,Suburban,3266.0,8835.08,13.8,21,6.53,7232.0,1773.0,21.09,78.8,120678.4
STORE_283,Urban,4111.0,1136.79,19.1,5,9.99,1333.0,2008.0,27.62,72.6,30894.57
STORE_284,Suburban,2634.0,5570.46,19.8,12,1.5,4596.0,1059.0,24.74,78.9,92868.72
STORE_285,Urban,9176.0,8247.96,26.9,21,5.24,6999.0,4641.0,29.68,86.6,166614.19
STORE_286,Suburban,6251.0,2230.13,19.1,11,4.16,2053.0,3171.0,26.09,70.7,44191.05
STORE_287,Suburban,4608.0,5908.78,18.4,22,8.73,4917.0,2088.0,22.71,79.3,89198.83
STORE_288,Urban,5158.0,1464.84,2.0,15,5.02,1670.0,2729.0,16.29,81.5,24804.58
STORE_289,Suburban,9526.0,2100.1,15.6,9,1.55,1965.0,4902.0,24.12,84.5,37168.03
STORE_290,Urban,2380.0,6556.93,4.5,16,6.53,5666.0,1016.0,20.07,79.9,94759.58
STORE_291,Urban,6276.0,2858.02,22.1,11,7.82,2577.0,3006.0,26.63,64.1,56197.2
STORE_292,Rural,5553.0,8945.57,15.4,21,0.53,7249.0,2748.0,21.62,87.5,126381.4
STORE_293,Suburban,6503.0,10652.51,20.4,17,8.66,8603.0,3100.0,26.5,84.7,182194.95
STORE_294,Urban,1163.0,12208.21,1.3,22,2.27,10261.0,710.0,13.55,81.8,114996.6
STORE_295,Suburban,8849.0,3802.1,2.5,16,5.74,3273.0,4454.0,16.6,76.0,43915.14
STORE_296,Suburban,9389.0,3344.76,21.5,8,4.45,2925.0,4476.0,24.17,65.9,55768.39
STORE_297,Urban,6086.0,2463.95,2.2,23,7.34,2317.0,2879.0,15.09,84.9,31911.12
STORE_298,Suburban,7270.0,9910.02,2.1,6,4.03,8119.0,3872.0,14.43,66.3,93410.54
STORE_299,Urban,9302.0,10890.66,0.4,10,8.76,9092.0,4958.0,16.35,67.7,120355.67
STORE_300,Urban,7365.0,1442.21,28.7,19,7.44,1509.0,3790.0,30.6,76.6,40287.56
STORE_301,Suburban,2373.0,14106.97,22.1,11,6.65,11435.0,1144.0,24.8,74.1,228747.22
STORE_302,Suburban,6187.0,1727.6,10.6,3,8.06,1536.0,3005.0,20.95,62.7,30609.95
STORE_303,Suburban,6460.0,8578.15,8.9,22,7.66,7015.0,3340.0,20.98,84.2,117898.9
STORE_304,Suburban,4817.0,10926.85,10.5,16,0.84,8986.0,2424.0,20.75,79.6,150468.28
STORE_305,Rural,7628.0,13193.57,23.2,13,4.25,10580.0,3492.0,27.72,68.0,235895.69
STORE_306,Suburban,9409.0,10997.22,19.8,23,9.34,8980.0,4911.0,25.56,88.9,186901.89
STORE_307,Suburban,9330.0,12224.19,5.6,5,1.69,10132.0,4934.0,18.56,63.9,154533.75
STORE_308,Suburban,5058.0,5752.3,5.2,11,7.5,4787.0,2676.0,16.36,74.4,64407.03
STORE_309,Urban,2019.0,12407.55,3.0,16,9.76,10291.0,791.0,16.11,81.2,134050.03
STORE_310,Suburban,9864.0,2121.61,19.8,11,1.0,2009.0,4804.0,28.39,78.9,44477.67
STORE_311,Urban,8550.0,13527.43,22.9,6,6.98,11236.0,3903.0,26.16,67.7,236876.68
STORE_312,Urban,2122.0,8666.29,8.0,6,4.95,7316.0,1380.0,19.68,72.5,115430.19
STORE_313,Rural,9288.0,12442.17,0.6,10,6.0,10100.0,4572.0,11.8,70.4,98206.59
STORE_314,Rural,8829.0,7332.46,2.5,4,1.31,5958.0,4881.0,16.93,63.4,81417.95
STORE_315,Suburban,5670.0,10010.09,29.0,11,0.91,8327.0,3226.0,30.46,72.7,204069.24
STORE_316,Suburban,6321.0,8369.64,8.9,16,6.84,6920.0,2980.0,22.36,83.1,122653.75
STORE_317,Urban,4591.0,11242.25,23.1,24,8.32,9271.0,2154.0,25.89,92.0,190361.8
STORE_318,Urban,1493.0,2142.82,18.7,11,7.93,2077.0,840.0,27.13,73.9,50325.69
STORE_319,Urban,4017.0,1844.93,11.5,18,5.67,1894.0,1657.0,24.32,75.5,38692.62
STORE_320,Suburban,8226.0,4459.45,6.2,19,1.45,3852.0,4025.0,16.64,85.9,54014.54
STORE_321,Suburban,1042.0,3233.63,3.6,18,7.04,2796.0,413.0,15.46,77.3,34330.77
STORE_322,Suburban,4001.0,13204.97,18.5,14,2.8,10860.0,2371.0,24.18,72.2,213403.72
STORE_323,Urban,4584.0,4069.0,23.2,5,9.16,3617.0,2324.0,27.97,60.3,83662.54
STORE_324,Rural,5837.0,14662.11,19.3,13,8.46,11770.0,2861.0,27.63,75.2,260170.39
STORE_325,Suburban,9279.0,5716.54,15.9,16,7.24,4762.0,4513.0,23.41,85.3,89003.64
STORE_326,Suburban,4117.0,3549.65,1.3,20,9.51,2946.0,2237.0,13.51,79.2,32079.75
STORE_327,Suburban,4123.0,12055.78,29.1,23,0.8,9934.0,1962.0,28.4,96.0,227630.48
STORE_328,Suburban,7638.0,10221.91,24.0,23,7.49,8403.0,3809.0,32.58,92.1,221377.34
STORE_329,Urban,5070.0,7974.74,8.8,7,3.64,6881.0,2407.0,23.63,61.1,131500.75
STORE_330,Suburban,3021.0,8775.09,29.4,18,9.11,7210.0,1207.0,33.76,79.7,198987.61
STORE_331,Suburban,5072.0,11068.82,18.1,22,3.03,9176.0,2337.0,24.21,81.2,178059.78
STORE_332,Urban,2268.0,4198.37,17.5,7,7.39,3769.0,1033.0,26.98,71.7,80656.6
STORE_333,Urban,2587.0,14948.67,22.4,5,8.84,12370.0,1241.0,30.36,61.1,301742.56
STORE_334,Urban,5485.0,14647.1,24.4,14,0.9,12251.0,2699.0,29.1,68.7,283361.59
STORE_335,Urban,4770.0,10104.56,19.7,3,4.28,8508.0,2367.0,26.9,62.0,185843.81
STORE_336,Rural,9234.0,3793.59,3.8,23,7.74,3105.0,4519.0,19.77,93.4,51398.4
STORE_337,Suburban,4262.0,10523.2,10.1,11,4.82,8599.0,2401.0,17.81,72.2,123395.58
STORE_338,Suburban,6225.0,2010.78,27.8,11,3.04,1881.0,3302.0,33.7,75.2,51584.46
STORE_339,Urban,6690.0,1429.14,6.7,6,2.59,1633.0,3318.0,18.42,69.4,27448.72
STORE_340,Suburban,1118.0,4607.56,11.2,5,1.75,4012.0,610.0,19.47,58.4,65464.46
STORE_341,Suburban,6972.0,7476.72,13.0,19,8.64,6193.0,3412.0,20.72,78.3,103879.32
STORE_342,Urban,2602.0,13155.82,13.2,4,5.97,10988.0,732.0,21.18,64.8,188702.38
STORE_343,Suburban,9650.0,11180.37,18.4,3,1.23,9221.0,4829.0,23.61,60.8,177370.0
STORE_344,Suburban,2338.0,11397.89,28.3,10,4.13,9339.0,1230.0,35.52,80.5,267706.88
STORE_345,Suburban,4732.0,6956.91,7.2,15,3.99,5792.0,2043.0,20.31,71.9,95257.43
STORE_346,Suburban,1768.0,5843.09,3.6,17,2.23,4954.0,984.0,19.32,75.9,78887.74
STORE_347,Urban,9972.0,6194.54,5.9,10,4.64,5296.0,4930.0,19.68,73.5,83008.51
STORE_348,Suburban,5520.0,14827.09,26.6,14,3.65,12173.0,2827.0,31.09,73.7,304506.36
STORE_349,Suburban,6358.0,1561.53,19.4,24,3.75,1495.0,3129.0,26.77,74.3,33203.34
STORE_350,Suburban,1604.0,13138.44,8.6,14,7.52,10677.0,1052.0,19.35,86.5,166296.34
STORE_351,Rural,7750.0,9101.46,24.5,16,2.62,7265.0,3920.0,29.06,73.8,167098.44
STORE_352,Suburban,2889.0,7140.62,25.8,17,6.6,5912.0,1645.0,27.69,83.2,130639.52
STORE_353,Urban,9082.0,11153.61,25.4,17,5.92,9324.0,4758.0,32.4,74.1,242437.39
STORE_354,Urban,2846.0,7813.37,27.6,11,5.9,6617.0,1199.0,27.91,68.9,151003.04
STORE_355,Suburban,2716.0,13227.93,7.6,21,6.8,10747.0,1210.0,17.42,77.1,151966.81
STORE_356,Urban,1329.0,13609.83,22.7,22,5.71,11301.0,755.0,32.61,82.7,298432.05
STORE_357,Suburban,5249.0,6904.09,13.8,24,8.85,5661.0,2551.0,23.56,85.6,111034.1
STORE_358,Rural,6084.0,4875.59,25.3,10,6.92,3975.0,2994.0,30.51,71.3,99268.5
STORE_359,Suburban,1591.0,9292.9,21.9,23,5.7,7611.0,1053.0,29.39,85.7,180993.04
STORE_360,Suburban,7980.0,13773.09,23.3,21,8.38,11200.0,3928.0,25.9,78.0,231842.35
STORE_361,Suburban,5080.0,3949.27,19.7,8,6.26,3425.0,2346.0,24.02,67.0,71245.38
STORE_362,Suburban,5720.0,9721.53,5.3,22,3.27,8026.0,2693.0,17.3,93.6,110282.38
STORE_363,Suburban,4967.0,9841.84,16.4,21,2.47,8154.0,2920.0,23.0,91.8,152283.27
STORE_364,Rural,4607.0,11263.58,29.5,6,1.95,9146.0,2268.0,32.57,69.5,241514.65
STORE_365,Suburban,6037.0,2841.95,28.1,9,9.04,2438.0,2746.0,32.84,74.1,67379.67
STORE_366,Rural,2397.0,11021.55,1.3,6,7.25,8855.0,845.0,18.56,77.5,130731.86
STORE_367,Rural,2637.0,13726.46,4.9,24,9.41,10962.0,1194.0,19.59,91.7,172831.79
STORE_368,Urban,8756.0,3515.56,4.0,14,6.23,3227.0,4339.0,15.38,80.0,39925.32
STORE_369,Urban,9515.0,4325.61,21.8,15,5.0,3871.0,4947.0,27.32,70.2,82295.44
STORE_370,Urban,4360.0,14599.53,24.5,5,1.07,12241.0,2350.0,28.43,60.4,279957.63
STORE_371,Urban,3437.0,3533.68,6.4,24,6.88,3264.0,1717.0,16.81,88.6,44321.74
STORE_372,Urban,6796.0,12961.39,15.2,14,6.03,10706.0,3307.0,21.62,72.8,189776.99
STORE_373,Suburban,4679.0,7891.89,25.2,4,9.91,6395.0,2407.0,33.46,59.8,173736.14
STORE_374,Urban,1228.0,4461.24,22.0,4,2.77,4021.0,264.0,28.21,60.4,92052.62
STORE_375,Suburban,2405.0,13190.5,16.3,11,5.54,10750.0,1599.0,24.31,66.1,209528.09
STORE_376,Rural,7444.0,7234.27,17.7,3,6.68,5828.0,3853.0,26.59,59.6,125611.15
STORE_377,Urban,6930.0,8207.44,15.3,10,6.62,6999.0,3639.0,25.22,73.7,142347.84
STORE_378,Rural,1244.0,6029.27,8.9,8,5.83,4902.0,407.0,22.59,78.6,90328.7
STORE_379,Urban,2998.0,9301.31,17.0,8,7.88,7838.0,1755.0,23.68,73.6,153867.33
STORE_380,Urban,3080.0,3289.33,20.7,24,2.45,3167.0,1448.0,28.21,92.0,71245.16
STORE_381,Suburban,7047.0,6475.14,26.2,20,7.39,5300.0,3333.0,28.9,75.9,123866.87
STORE_382,Suburban,1177.0,14571.77,19.1,19,6.39,11867.0,581.0,26.07,83.4,250631.59
STORE_383,Rural,1937.0,4613.87,22.8,14,9.01,3677.0,956.0,28.81,76.5,85533.99
STORE_384,Suburban,8199.0,10194.31,4.8,8,8.55,8399.0,3884.0,18.19,71.1,127000.29
STORE_385,Rural,2607.0,5552.66,13.8,10,3.49,4429.0,1124.0,23.53,70.2,86188.64
STORE_386,Urban,6875.0,11828.62,0.3,21,3.12,9808.0,3243.0,16.77,93.5,132188.28
STORE_387,Urban,3144.0,2832.23,7.4,12,9.83,2634.0,1379.0,18.25,74.7,40413.47
STORE_388,Suburban,1895.0,14577.49,21.8,3,5.51,11936.0,870.0,28.44,64.4,271478.53
STORE_389,Rural,3189.0,7353.05,29.8,15,9.11,5934.0,1316.0,31.33,68.2,148599.73
STORE_390,Rural,7500.0,4304.71,3.0,19,2.06,3523.0,3612.0,22.63,82.3,65314.18
STORE_391,Suburban,8701.0,2028.95,12.0,5,6.61,1899.0,4560.0,20.4,71.7,35190.14
STORE_392,Suburban,8472.0,3376.61,24.0,10,8.19,2817.0,4401.0,28.0,74.8,66302.96
STORE_393,Suburban,4575.0,8276.84,6.1,16,9.5,6844.0,2077.0,20.44,68.4,113334.49
STORE_394,Suburban,7013.0,5718.04,16.7,5,3.7,4764.0,3698.0,24.13,63.8,94994.6
STORE_395,Rural,2845.0,12604.37,22.0,18,7.39,10105.0,1029.0,29.96,90.3,244603.87
STORE_396,Rural,3638.0,7032.43,18.5,15,5.62,5724.0,2305.0,26.39,77.2,120174.85
STORE_397,Suburban,9067.0,4482.0,5.6,22,1.08,3796.0,4794.0,17.58,88.0,55092.83
STORE_398,Suburban,1117.0,9640.03,10.7,19,7.05,7980.0,447.0,19.89,90.9,128675.11
STORE_399,Suburban,1770.0,10894.88,23.5,15,7.06,8892.0,961.0,27.53,77.2,198961.23
STORE_400,Urban,2871.0,3338.59,16.6,8,9.34,3038.0,1155.0,24.19,73.6,59183.47
STORE_401,Rural,1239.0,3346.67,0.2,19,5.22,2807.0,631.0,14.75,84.9,33016.44
STORE_402,Suburban,2633.0,1513.4,22.8,16,2.69,1431.0,1280.0,27.03,82.3,32562.67
STORE_403,Rural,6247.0,11309.63,1.1,19,0.92,9237.0,2957.0,15.42,84.7,114476.08
STORE_404,Suburban,4793.0,10293.26,22.4,10,4.45,8550.0,2303.0,26.23,69.3,180298.68
STORE_405,Rural,9034.0,7644.83,6.1,13,3.37,6183.0,4404.0,20.16,73.4,101220.48
STORE_406,Suburban,8357.0,12818.39,28.7,22,7.73,10507.0,3952.0,34.14,82.1,288047.74
STORE_407,Urban,4076.0,12279.38,11.0,3,3.87,10177.0,1867.0,20.21,55.4,167712.31
STORE_408,Rural,3335.0,9194.96,9.8,9,9.52,7383.0,1379.0,19.36,77.0,118807.47
STORE_409,Urban,4417.0,13155.8,4.5,23,9.64,10819.0,2380.0,18.04,87.7,159695.38
STORE_410,Suburban,6313.0,3881.78,9.2,23,6.4,3357.0,2970.0,23.03,93.6,60323.29
STORE_411,Rural,3413.0,2566.87,26.3,19,9.32,2107.0,1462.0,33.75,90.6,57487.4
STORE_412,Rural,6617.0,4776.49,29.9,12,7.73,3959.0,3477.0,30.13,74.7,96736.42
STORE_413,Suburban,4685.0,1799.22,11.0,13,5.7,1725.0,2416.0,23.64,69.0,30435.31
STORE_414,Suburban,5968.0,8436.37,13.5,24,2.21,7008.0,3145.0,22.95,87.8,128832.25
STORE_415,Suburban,4925.0,14112.48,21.7,11,4.86,11463.0,2646.0,27.91,69.8,257119.78
STORE_416,Urban,3650.0,1550.81,26.6,11,5.83,1682.0,2213.0,31.96,63.3,43472.72
STORE_417,Suburban,9536.0,2709.54,17.8,7,8.71,2334.0,4737.0,24.71,65.9,47715.47
STORE_418,Suburban,7872.0,7330.79,11.7,19,5.07,6166.0,3645.0,24.24,82.4,118646.64
STORE_419,Suburban,2261.0,14074.25,12.4,11,9.03,11316.0,1185.0,25.28,70.0,229342.1
STORE_420,Suburban,8816.0,5426.19,20.9,19,6.91,4647.0,4274.0,30.44,78.9,115267.93
STORE_421,Suburban,5387.0,8101.29,0.1,23,1.8,6781.0,2502.0,11.37,81.2,63446.69
STORE_422,Urban,9051.0,1582.02,18.6,21,9.95,1576.0,4545.0,25.69,86.2,35232.19
STORE_423,Suburban,8199.0,3076.8,10.7,9,5.51,2716.0,4272.0,17.53,80.1,40672.6
STORE_424,Urban,4827.0,14812.82,23.8,11,4.22,12352.0,2246.0,27.76,79.6,275247.81
STORE_425,Suburban,1202.0,14511.66,2.8,9,6.76,11814.0,856.0,11.88,74.1,114030.05
STORE_426,Suburban,3418.0,1069.16,17.6,15,1.53,1044.0,1511.0,26.49,81.4,22227.4
STORE_427,Rural,5875.0,14325.36,14.4,13,6.55,11497.0,2889.0,24.1,74.9,222736.86
STORE_428,Suburban,6701.0,9947.68,19.3,16,5.23,8232.0,3428.0,25.7,70.2,168683.69
STORE_429,Urban,3321.0,13150.86,1.9,21,4.36,10980.0,1583.0,14.59,83.4,131993.08
STORE_430,Urban,2254.0,7366.36,17.4,13,9.55,6242.0,772.0,26.07,70.8,131077.78
STORE_431,Suburban,8514.0,8218.34,16.8,15,5.46,6858.0,4443.0,23.08,78.8,130575.27
STORE_432,Suburban,9860.0,7843.85,16.8,16,2.58,6573.0,4805.0,22.93,85.4,123167.15
STORE_433,Urban,5731.0,10336.1,18.1,15,4.86,8737.0,3015.0,23.46,87.9,164094.54
STORE_434,Urban,2545.0,2955.12,20.3,3,9.23,2705.0,1020.0,26.77,63.9,59760.28
STORE_435,Suburban,3451.0,1419.63,24.1,10,2.17,1378.0,1507.0,28.33,63.7,34187.88
STORE_436,Urban,1166.0,5311.02,8.1,14,2.53,4626.0,755.0,19.09,77.1,72064.22
STORE_437,Rural,9229.0,10865.53,24.8,21,0.62,8820.0,4682.0,30.89,85.6,220089.24
STORE_438,Suburban,2060.0,3825.95,14.9,14,0.63,3398.0,942.0,25.9,80.2,70941.71
STORE_439,Urban,6189.0,10428.05,2.3,10,8.38,8707.0,3165.0,19.29,71.9,135990.18
STORE_440,Urban,3466.0,14578.77,1.8,10,7.46,12073.0,1542.0,16.17,72.3,158222.38
STORE_441,Rural,5988.0,2314.61,10.0,23,3.87,1999.0,3016.0,21.71,84.4,35405.62
STORE_442,Suburban,6863.0,10416.43,23.5,15,7.13,8545.0,3457.0,29.51,76.4,201239.7
STORE_443,Suburban,8468.0,7212.5,21.2,14,4.25,6030.0,4159.0,24.39,79.4,122022.39
STORE_444,Rural,2858.0,13153.99,23.7,18,9.55,10462.0,1262.0,28.46,71.6,240865.43
STORE_445,Rural,1099.0,3480.1,15.5,3,9.69,2773.0,564.0,23.58,62.0,52477.73
STORE_446,Rural,2232.0,10696.76,13.2,15,4.23,8730.0,1105.0,21.9,81.4,155091.33
STORE_447,Suburban,9100.0,12733.61,4.4,9,8.62,10363.0,4457.0,17.57,79.0,144524.84
STORE_448,Suburban,8865.0,14224.6,9.8,7,7.84,11657.0,4226.0,20.47,66.4,188463.99
STORE_449,Urban,6377.0,10565.47,13.0,10,3.44,8865.0,3191.0,20.84,77.9,151673.91
STORE_450,Suburban,6405.0,7960.45,2.7,16,2.7,6639.0,3110.0,16.29,87.7,88908.05
STORE_451,Suburban,6985.0,9649.86,6.6,15,4.85,7928.0,3286.0,17.69,76.1,113805.27
STORE_452,Suburban,2578.0,13164.67,17.9,17,7.92,10742.0,1298.0,20.53,77.6,178513.39
STORE_453,Rural,9230.0,8988.54,22.1,19,9.62,7241.0,4937.0,25.45,81.9,155756.09
STORE_454,Urban,4769.0,1425.42,30.0,17,7.75,1554.0,2311.0,33.15,80.0,44667.18
STORE_455,Suburban,4448.0,14033.28,28.0,22,8.62,11449.0,2524.0,33.98,91.9,311109.92
STORE_456,Urban,5670.0,10653.37,19.3,20,6.23,8929.0,3258.0,21.71,80.1,153489.4
STORE_457,Suburban,1423.0,10471.19,12.6,20,8.44,8541.0,521.0,20.84,91.7,146373.92
STORE_458,Urban,2497.0,4019.45,19.1,4,7.95,3508.0,1250.0,27.31,60.8,79653.04
STORE_459,Urban,7642.0,10224.4,23.6,6,4.08,8650.0,4242.0,30.9,60.9,216400.19
STORE_460,Urban,1745.0,6514.1,3.6,3,5.74,5634.0,848.0,16.29,66.2,73159.04
STORE_461,Suburban,6428.0,10117.26,12.3,6,8.15,8268.0,3222.0,21.01,73.4,141345.23
STORE_462,Suburban,3208.0,2492.3,25.2,20,0.94,2270.0,1270.0,32.56,84.9,59442.32
STORE_463,Suburban,4504.0,10209.83,11.5,7,8.18,8343.0,2145.0,23.5,70.6,159707.61
STORE_464,Rural,3598.0,14991.79,17.2,21,2.19,12099.0,1910.0,27.01,95.0,265399.62
STORE_465,Suburban,4201.0,1674.97,17.6,17,5.39,1533.0,2586.0,24.64,86.6,30992.59
STORE_466,Urban,7471.0,14680.44,5.5,10,8.18,12134.0,3697.0,20.55,72.2,203348.97
STORE_467,Rural,3674.0,6696.71,10.9,22,2.91,5488.0,1505.0,17.63,84.2,79391.71
STORE_468,Urban,6098.0,13190.55,10.0,19,2.84,10971.0,2768.0,23.28,88.3,207250.83
STORE_469,Rural,5284.0,11953.4,0.8,3,4.33,9628.0,2635.0,15.34,67.7,117007.88
STORE_470,Urban,6973.0,8938.23,0.7,14,9.0,7505.0,3722.0,15.69,78.9,96455.65
STORE_471,Rural,9431.0,11338.29,25.0,21,0.5,9213.0,4843.0,28.08,83.6,207530.36
STORE_472,Urban,7593.0,13299.22,8.2,17,9.06,10997.0,3889.0,16.29,80.0,146032.76
STORE_473,Rural,2934.0,6657.96,15.5,11,1.96,5480.0,1729.0,24.54,72.5,112055.83
STORE_474,Suburban,1281.0,5578.46,9.0,9,9.91,4532.0,496.0,21.48,69.2,79858.7
STORE_475,Rural,3360.0,10346.31,28.2,4,9.57,8210.0,1684.0,33.34,61.8,218472.56
STORE_476,Urban,6356.0,12309.84,7.8,11,5.2,10280.0,3074.0,20.86,74.5,174416.97
STORE_477,Suburban,1463.0,11671.99,12.9,12,5.37,9527.0,677.0,23.47,71.2,181138.93
STORE_478,Rural,5467.0,12169.39,26.2,4,5.07,9854.0,2532.0,28.86,65.7,233069.96
STORE_479,Suburban,6372.0,7098.17,25.3,21,6.54,5939.0,3117.0,31.69,74.7,152721.47
STORE_480,Suburban,4008.0,12449.68,5.6,13,1.36,10251.0,1999.0,16.28,72.6,133878.41
STORE_481,Suburban,7938.0,2682.93,24.1,15,0.81,2381.0,3895.0,31.66,83.5,63704.81
STORE_482,Suburban,1959.0,8622.85,13.7,12,1.05,7235.0,947.0,23.08,69.9,134778.8
STORE_483,Suburban,1676.0,1080.62,14.5,16,4.72,1104.0,919.0,23.59,82.2,22678.97
STORE_484,Suburban,7554.0,5544.2,4.0,20,3.12,4614.0,4025.0,19.13,79.9,70575.6
STORE_485,Rural,5459.0,6130.46,2.4,21,6.41,4888.0,2992.0,18.45,89.1,73852.37
STORE_486,Urban,7196.0,6546.42,21.8,24,9.93,5664.0,3750.0,29.64,87.3,136320.52
STORE_487,Urban,4913.0,10736.54,14.9,11,4.17,9094.0,2205.0,22.3,71.5,163491.51
STORE_488,Rural,3218.0,6439.81,13.1,9,5.95,5087.0,1537.0,24.39,71.1,99563.11
STORE_489,Rural,8372.0,7281.71,21.9,5,4.45,5841.0,4131.0,26.5,59.3,125800.02
STORE_490,Suburban,8195.0,4325.62,23.0,22,8.55,3689.0,3966.0,30.36,91.3,89767.65
STORE_491,Suburban,7252.0,6225.53,4.8,8,9.07,5143.0,3695.0,15.01,76.1,61151.44
STORE_492,Urban,3449.0,4181.77,18.3,23,8.83,3748.0,1406.0,25.8,85.8,80553.94
STORE_493,Urban,6312.0,2024.74,4.1,4,9.76,1970.0,3495.0,15.79,67.4,27655.34
STORE_494,Suburban,4249.0,9448.28,22.5,8,0.76,7880.0,2363.0,30.26,73.5,189759.28
STORE_495,Suburban,1824.0,10354.98,19.7,5,8.48,8457.0,1008.0,29.06,65.5,194282.57
STORE_496,Suburban,9256.0,9672.86,28.7,18,7.64,7902.0,4615.0,32.62,76.1,205920.81
STORE_497,Urban,2231.0,7488.92,2.1,10,2.67,6504.0,1361.0,16.57,80.0,87645.68
STORE_498,Rural,9552.0,6317.0,1.7,4,9.59,5070.0,4914.0,17.44,62.8,74527.87
STORE_499,Rural,5014.0,13086.67,8.5,19,1.91,10623.0,2728.0,22.32,79.8,191129.96
