order_id,supplier_reliability,warehouse_capacity,transportation_mode,demand_variability,lead_time,order_quantity,raw_material_quality,production_efficiency,safety_stock,inventory_turnover,delivery_speed,shipping_cost,order_fulfillment_time,on_time_delivery_score,on_time_delivery
ORD_00000,80.9,36826.0,Air,16.92,17.0,4813,85.9,87.3,410.0,20.0,1.24,72371.61,5.58,87.4,0
ORD_00001,97.6,11864.0,Ground,7.51,15.6,3192,95.9,94.4,298.0,9.22,4.36,16213.86,8.63,89.2,0
ORD_00002,91.2,30933.0,Ground,19.34,6.6,4259,96.6,85.2,391.0,20.0,4.73,21130.88,7.26,86.5,0
ORD_00003,87.4,32302.0,Ground,15.89,25.9,2174,88.5,91.7,578.0,20.0,5.78,11133.67,5.83,85.1,0
ORD_00004,74.5,24086.0,Air,28.7,20.6,384,81.2,92.3,724.0,17.68,1.23,5596.26,5.63,88.0,0
ORD_00005,74.5,38140.0,Ground,26.2,25.3,1287,82.3,82.2,724.0,20.0,5.16,6614.56,5.45,75.9,0
ORD_00006,71.7,47047.0,Air,17.76,25.9,4069,77.6,91.5,492.0,20.0,1.19,61298.3,3.3,97.6,1
ORD_00007,95.1,46651.0,Sea,12.63,22.7,3065,95.5,90.6,439.0,20.0,20.38,6111.1,5.34,69.8,0
ORD_00008,87.4,25288.0,Ground,39.58,13.7,4419,87.8,91.6,796.0,18.33,5.27,21932.9,3.78,87.9,0
ORD_00009,90.5,10096.0,Ground,20.89,18.7,883,90.1,89.3,472.0,7.19,4.25,4297.26,9.24,74.1,0
ORD_00010,70.6,49318.0,Sea,29.09,5.7,1049,84.5,91.9,538.0,20.0,20.13,2170.37,6.62,64.9,0
ORD_00011,98.1,42750.0,Ground,9.92,20.5,4039,93.0,96.7,481.0,20.0,4.16,20587.93,3.35,94.1,1
ORD_00012,94.1,10610.0,Ground,22.0,6.2,144,94.6,95.7,402.0,7.87,4.72,381.45,7.0,87.3,0
ORD_00013,76.2,46438.0,Ground,5.96,21.1,1910,81.2,88.4,431.0,20.0,4.99,9570.05,6.38,80.0,0
ORD_00014,75.3,44145.0,Ground,22.69,7.7,4666,86.7,88.5,556.0,20.0,5.92,23312.39,2.93,86.3,0
ORD_00015,75.3,28348.0,Ground,38.74,4.4,2181,84.9,89.4,702.0,20.0,5.16,10813.7,5.97,81.0,0
ORD_00016,78.8,31607.0,Sea,18.45,5.8,3598,85.2,92.4,391.0,20.0,19.62,7179.84,6.6,64.3,0
ORD_00017,85.2,22955.0,Ground,6.36,1.1,929,88.7,93.8,246.0,17.93,4.84,4536.56,4.68,86.7,0
ORD_00018,82.5,7464.0,Ground,6.08,21.8,2009,83.3,91.4,327.0,5.26,5.46,10293.63,8.67,81.5,0
ORD_00019,78.4,20084.0,Ground,18.58,22.2,2681,85.6,84.8,520.0,14.72,4.62,13673.5,8.45,74.5,0
ORD_00020,87.7,41128.0,Ground,10.6,15.9,791,89.1,91.1,385.0,20.0,5.55,3972.63,4.17,89.8,0
ORD_00021,74.0,5208.0,Air,5.82,5.7,4119,79.5,85.3,126.0,4.83,1.24,61756.77,11.57,80.2,0
ORD_00022,78.5,20007.0,Ground,31.47,3.4,1031,83.3,91.8,527.0,14.7,4.54,5056.39,5.73,87.6,0
ORD_00023,80.6,22918.0,Sea,21.05,1.6,3506,85.9,87.0,412.0,17.75,19.75,7030.06,8.39,60.5,0
ORD_00024,83.2,29183.0,Air,15.12,5.8,247,85.6,91.8,397.0,20.0,0.69,4074.57,5.9,89.0,0
ORD_00025,92.8,46394.0,Ground,36.5,26.8,1132,84.5,88.4,822.0,20.0,3.91,5639.25,5.77,88.9,0
ORD_00026,75.8,20586.0,Ground,9.06,8.0,1411,87.3,83.1,290.0,16.31,4.96,6887.11,9.36,75.7,0
ORD_00027,84.9,20613.0,Ground,38.46,11.3,487,87.8,94.4,686.0,14.94,4.97,2355.45,7.38,79.0,0
ORD_00028,87.2,38188.0,Air,15.99,4.1,3221,82.4,88.7,419.0,20.0,1.63,48465.69,6.06,78.9,0
ORD_00029,71.3,25350.0,Ground,36.09,7.4,1973,88.5,96.1,712.0,20.0,4.96,9721.45,2.72,84.6,0
ORD_00030,87.6,15107.0,Ground,26.1,16.1,3688,93.2,85.9,635.0,11.1,6.16,18433.26,8.08,65.4,0
ORD_00031,74.9,25360.0,Ground,33.93,18.6,1015,82.7,87.8,782.0,19.53,5.08,5169.58,7.06,83.0,0
ORD_00032,71.9,11339.0,Ground,39.44,8.1,1978,79.8,87.1,760.0,7.79,4.31,9761.63,8.3,77.6,0
ORD_00033,97.5,12937.0,Ground,15.09,2.7,3848,95.1,94.4,324.0,9.24,4.44,18887.12,7.31,84.4,0
ORD_00034,98.0,27427.0,Sea,38.64,12.3,377,94.7,87.8,835.0,20.0,20.0,539.72,4.8,62.1,0
ORD_00035,93.4,23852.0,Ground,18.63,7.8,2077,93.7,95.0,450.0,18.02,4.78,10213.25,5.75,89.7,0
ORD_00036,78.8,46168.0,Ground,18.49,7.4,1959,83.0,96.7,428.0,20.0,4.39,9749.23,5.46,91.7,1
ORD_00037,72.8,21308.0,Air,16.91,28.8,3136,86.1,92.0,584.0,15.84,1.47,47048.86,7.41,87.5,0
ORD_00038,89.8,31126.0,Sea,23.95,18.9,3471,89.0,91.5,609.0,20.0,19.98,7106.74,4.42,65.8,0
ORD_00039,82.8,33452.0,Sea,10.4,17.1,4813,89.3,85.7,384.0,20.0,20.8,9380.55,6.53,60.0,0
ORD_00040,73.5,5589.0,Ground,24.38,13.1,2282,80.7,85.1,592.0,4.64,4.54,11545.66,9.94,81.8,0
ORD_00041,84.4,34859.0,Sea,23.96,13.4,4775,95.9,93.3,520.0,20.0,19.79,9475.82,4.79,60.0,0
ORD_00042,71.0,13012.0,Ground,31.67,16.7,1270,84.0,87.3,665.0,9.2,5.8,5992.89,9.67,71.0,0
ORD_00043,96.4,48248.0,Ground,34.18,21.2,589,100.0,98.0,810.0,20.0,5.16,2947.71,5.36,92.6,1
ORD_00044,77.5,11690.0,Air,20.42,21.4,2625,87.4,92.7,570.0,8.81,1.04,39638.25,6.3,96.0,1
ORD_00045,89.2,23658.0,Ground,15.58,6.0,1282,88.5,98.0,430.0,19.1,4.64,6586.62,4.67,92.5,1
ORD_00046,79.0,8841.0,Air,14.08,15.5,4579,88.1,86.9,456.0,6.5,0.89,68669.75,11.42,77.2,0
ORD_00047,85.1,49859.0,Sea,11.81,12.9,4358,91.0,92.0,353.0,20.0,20.04,8941.15,5.44,72.7,0
ORD_00048,85.9,27599.0,Ground,7.02,26.2,2588,89.8,85.9,444.0,20.0,5.52,12978.44,6.2,82.1,0
ORD_00049,75.4,31792.0,Ground,16.99,19.3,1976,85.8,81.1,569.0,20.0,5.82,10076.24,6.27,78.9,0
ORD_00050,98.1,8018.0,Air,14.46,16.4,2562,96.4,96.6,471.0,5.69,0.76,38097.68,10.18,91.3,1
ORD_00051,92.5,38748.0,Ground,38.82,4.3,1730,88.6,93.0,750.0,20.0,5.43,8400.07,4.53,89.9,0
ORD_00052,97.2,14446.0,Ground,24.52,18.6,387,90.6,88.3,608.0,10.15,5.08,2080.81,8.61,82.7,0
ORD_00053,95.9,45412.0,Ground,17.15,4.4,4382,90.8,92.2,442.0,20.0,4.87,22217.86,4.71,92.9,1
ORD_00054,87.3,14231.0,Air,25.32,10.8,2007,89.7,88.9,537.0,10.09,1.29,30188.46,8.75,81.8,0
ORD_00055,96.7,13581.0,Sea,9.87,5.1,1261,92.9,90.5,306.0,10.64,19.04,2422.53,9.66,64.7,0
ORD_00056,72.6,6645.0,Ground,20.54,21.1,229,79.7,86.6,705.0,4.26,5.32,974.9,9.82,62.2,0
ORD_00057,75.7,26243.0,Ground,26.92,7.0,2463,86.4,86.6,587.0,20.0,4.34,12251.94,6.12,73.5,0
ORD_00058,71.3,30418.0,Ground,22.11,12.4,243,82.9,86.2,510.0,20.0,4.63,1457.73,6.47,78.7,0
ORD_00059,79.4,7957.0,Ground,19.06,27.0,115,86.3,87.4,581.0,5.99,5.21,506.49,9.27,74.0,0
ORD_00060,81.3,39899.0,Ground,39.78,6.9,344,85.8,91.7,749.0,20.0,4.09,1929.55,5.18,89.5,0
ORD_00061,77.9,25398.0,Ground,35.81,15.7,1026,83.9,78.3,806.0,19.01,4.34,5260.51,9.41,70.0,0
ORD_00062,94.0,28598.0,Sea,26.82,13.2,3278,89.8,90.5,615.0,20.0,20.61,6898.79,3.65,65.4,0
ORD_00063,80.3,24834.0,Ground,24.93,1.5,2276,89.0,86.8,454.0,18.27,5.06,11420.05,6.08,81.4,0
ORD_00064,78.1,23034.0,Sea,26.72,24.0,986,83.1,84.9,660.0,16.6,19.67,1962.08,7.54,66.9,0
ORD_00065,85.7,30184.0,Sea,12.05,3.0,440,89.2,89.1,312.0,20.0,20.06,1099.53,5.26,60.0,0
ORD_00066,74.1,11986.0,Ground,18.83,14.8,2151,88.3,90.9,503.0,9.12,5.33,10567.95,11.52,64.4,0
ORD_00067,93.3,13187.0,Sea,6.38,17.3,3498,91.0,91.0,357.0,9.68,20.56,6907.2,9.0,60.7,0
ORD_00068,72.2,43780.0,Air,21.64,19.2,4050,85.4,85.6,624.0,20.0,0.94,60414.0,5.11,86.5,0
ORD_00069,98.6,47575.0,Sea,24.01,21.0,405,96.1,96.5,764.0,20.0,19.49,559.14,2.19,72.0,0
ORD_00070,92.4,21799.0,Ground,12.97,8.3,1007,92.5,88.8,288.0,16.13,5.3,5419.67,7.19,77.4,0
ORD_00071,75.8,17184.0,Sea,38.74,1.3,2754,85.4,86.9,726.0,11.96,20.32,5646.46,7.61,60.3,0
ORD_00072,70.2,33980.0,Sea,36.83,22.0,3892,81.3,89.6,833.0,20.0,19.33,7509.86,6.85,60.0,0
ORD_00073,93.6,23393.0,Sea,30.28,16.5,4142,92.2,93.6,594.0,17.78,19.51,8522.97,5.35,60.0,0
ORD_00074,90.5,6142.0,Ground,23.67,25.2,1471,89.1,88.7,719.0,2.98,4.9,7214.26,10.23,81.7,0
ORD_00075,91.1,12027.0,Ground,35.45,24.8,420,91.1,80.2,851.0,8.2,5.01,2228.19,9.93,73.4,0
ORD_00076,92.4,37219.0,Air,9.57,25.5,4754,89.8,87.9,487.0,20.0,1.53,71435.2,6.8,92.1,1
ORD_00077,72.1,34652.0,Ground,32.67,15.1,4159,85.5,90.6,626.0,20.0,4.32,21128.0,5.83,91.9,1
ORD_00078,80.4,6219.0,Air,9.37,10.7,1231,81.1,91.1,315.0,5.33,1.52,18357.45,11.49,74.1,0
ORD_00079,73.4,14989.0,Ground,32.8,24.0,2678,84.5,89.2,730.0,10.27,4.64,13241.95,8.32,79.9,0
ORD_00080,95.0,15398.0,Ground,14.65,14.1,4142,93.8,90.9,541.0,10.74,4.42,20172.19,9.01,81.8,0
ORD_00081,88.1,35235.0,Sea,35.7,6.3,3467,90.4,98.0,743.0,20.0,19.99,6909.65,5.18,65.8,0
ORD_00082,79.6,5887.0,Ground,38.04,25.8,917,88.9,89.6,843.0,3.63,4.94,4730.07,11.14,72.1,0
ORD_00083,71.8,9685.0,Sea,10.21,26.6,111,81.5,91.0,389.0,6.98,20.4,394.39,8.75,60.0,0
ORD_00084,79.0,40996.0,Air,21.19,14.5,294,86.3,84.9,544.0,20.0,1.07,4660.48,6.74,91.8,1
ORD_00085,79.4,13035.0,Sea,39.33,3.2,2637,80.6,83.8,770.0,8.15,20.12,5331.96,9.88,60.0,0
ORD_00086,91.2,34374.0,Sea,21.92,12.2,2942,89.8,94.0,440.0,20.0,19.22,5984.96,4.77,69.7,0
ORD_00087,88.5,15718.0,Ground,35.22,24.3,2329,92.4,96.5,776.0,12.21,4.86,11658.62,6.05,88.4,0
ORD_00088,95.7,9475.0,Ground,25.61,27.2,3109,89.1,89.6,646.0,5.22,5.23,15686.49,7.87,74.9,0
ORD_00089,83.7,15943.0,Ground,18.14,6.9,4851,88.1,83.5,471.0,11.5,5.27,24068.15,10.28,73.9,0
ORD_00090,73.5,37502.0,Air,15.0,2.9,2177,81.0,87.7,330.0,20.0,1.78,32373.31,6.28,79.7,0
ORD_00091,90.7,43506.0,Ground,12.11,26.4,3967,90.5,92.4,477.0,20.0,5.4,19669.25,3.79,90.8,1
ORD_00092,92.1,42360.0,Ground,31.66,12.3,4973,89.6,91.7,682.0,20.0,4.78,24907.72,5.96,89.6,0
ORD_00093,86.3,22873.0,Air,18.53,16.7,543,85.1,87.5,468.0,17.46,1.75,7884.92,7.9,89.7,0
ORD_00094,92.4,35064.0,Ground,22.89,29.1,397,92.7,91.8,604.0,20.0,5.93,1858.35,6.0,78.6,0
ORD_00095,84.3,14224.0,Air,22.23,2.9,944,87.8,87.7,525.0,10.4,1.27,14039.74,7.83,82.4,0
ORD_00096,85.2,18192.0,Air,25.2,19.8,1115,90.2,87.1,710.0,14.03,2.19,16881.36,6.99,86.5,0
ORD_00097,82.4,45335.0,Air,35.3,3.1,1484,89.5,94.3,664.0,20.0,1.94,22392.02,4.3,91.3,1
ORD_00098,70.7,5585.0,Sea,39.33,11.9,1497,85.5,90.3,798.0,3.44,19.87,3008.1,11.28,60.0,0
ORD_00099,73.1,8848.0,Ground,19.27,24.3,653,83.3,88.6,647.0,5.88,4.91,3355.21,10.43,72.0,0
ORD_00100,70.9,14355.0,Sea,33.96,13.6,2450,85.7,88.0,726.0,9.02,20.06,4994.16,11.89,60.0,0
ORD_00101,88.5,6194.0,Ground,31.76,29.9,4616,86.9,89.7,795.0,2.77,5.41,23007.28,9.08,82.4,0
ORD_00102,79.1,13165.0,Ground,25.07,17.2,1369,88.3,91.6,616.0,8.81,5.2,6736.5,8.57,87.6,0
ORD_00103,84.7,31237.0,Ground,38.46,10.3,1360,89.5,98.0,829.0,20.0,4.76,7107.34,2.37,95.4,1
ORD_00104,96.3,23964.0,Ground,12.02,7.4,284,94.0,95.5,342.0,19.53,3.96,922.17,5.41,91.8,1
ORD_00105,77.2,45170.0,Air,8.82,11.2,4663,86.1,87.5,288.0,20.0,1.84,69796.74,6.95,90.6,1
ORD_00106,81.9,41785.0,Ground,34.89,11.8,2510,84.0,86.8,725.0,20.0,4.03,12509.24,7.43,71.0,0
ORD_00107,91.9,20382.0,Ground,20.37,3.0,4531,87.8,87.5,462.0,16.0,4.32,22766.99,7.27,76.4,0
ORD_00108,76.6,16674.0,Ground,34.64,11.7,2309,89.6,90.6,740.0,11.13,4.8,11772.1,6.16,84.7,0
ORD_00109,72.2,22086.0,Ground,36.26,14.5,3772,82.0,85.4,787.0,15.85,4.39,19231.35,7.38,88.1,0
ORD_00110,78.4,31563.0,Air,7.19,22.0,4783,84.7,91.6,342.0,20.0,1.66,71726.66,5.7,93.4,1
ORD_00111,74.7,17063.0,Air,35.92,20.0,1981,80.3,77.5,838.0,12.17,1.35,29710.05,8.71,80.7,0
ORD_00112,97.0,33087.0,Ground,20.69,21.6,4396,89.2,93.4,584.0,20.0,5.39,22052.52,4.73,86.1,0
ORD_00113,93.4,23424.0,Ground,22.87,1.2,621,91.8,93.2,417.0,18.14,4.2,2998.78,4.3,92.0,1
ORD_00114,88.4,29842.0,Air,26.93,7.3,1987,88.7,96.1,601.0,20.0,1.17,29568.15,3.97,93.3,1
ORD_00115,95.3,24626.0,Sea,37.42,20.2,2652,92.9,96.0,800.0,17.92,20.0,5284.75,6.13,60.0,0
ORD_00116,93.3,18251.0,Air,5.67,15.0,3909,92.2,89.6,227.0,14.31,1.52,58784.07,7.95,81.7,0
ORD_00117,75.4,47680.0,Ground,21.69,1.2,4983,91.4,95.0,385.0,20.0,5.35,24866.42,3.35,97.5,1
ORD_00118,95.9,39362.0,Sea,29.07,24.3,4255,92.1,91.6,722.0,20.0,19.54,8592.69,4.56,61.5,0
ORD_00119,85.6,11305.0,Ground,30.29,23.4,4773,93.3,84.9,771.0,7.25,4.77,23491.24,10.14,72.0,0
ORD_00120,93.4,44081.0,Air,29.24,16.9,4516,97.0,94.6,631.0,20.0,1.75,67743.68,5.04,95.0,1
ORD_00121,96.0,26934.0,Air,9.71,2.9,3579,95.5,90.9,257.0,20.0,0.5,53604.31,4.7,89.3,0
ORD_00122,79.2,45255.0,Ground,15.48,23.2,1509,84.9,89.7,457.0,20.0,5.19,7289.98,6.02,84.7,0
ORD_00123,73.2,40993.0,Air,17.56,17.9,1794,78.9,94.2,556.0,20.0,1.88,27041.44,4.83,93.8,1
ORD_00124,76.6,24135.0,Ground,33.16,23.7,4764,85.9,91.0,873.0,17.96,4.33,24189.13,3.39,87.5,0
ORD_00125,82.4,6011.0,Air,14.76,22.8,626,90.1,87.5,584.0,3.81,1.34,9587.99,10.16,78.9,0
ORD_00126,93.7,17090.0,Ground,12.37,24.3,2760,97.4,98.0,528.0,11.8,5.75,14010.75,6.17,81.0,0
ORD_00127,95.0,29374.0,Sea,38.51,16.0,2272,89.9,92.9,849.0,20.0,20.33,4686.5,5.74,69.6,0
ORD_00128,70.2,33507.0,Sea,5.31,5.1,379,80.9,83.8,117.0,20.0,20.22,887.29,7.13,60.0,0
ORD_00129,84.8,16605.0,Ground,39.92,20.5,3064,85.3,83.4,871.0,11.41,5.5,14960.11,7.39,72.6,0
ORD_00130,82.1,11271.0,Ground,28.69,19.0,4077,85.0,85.9,657.0,6.86,5.9,20359.41,10.5,72.6,0
ORD_00131,76.4,42572.0,Ground,34.0,22.5,2769,86.4,93.6,834.0,20.0,5.01,13946.73,4.89,88.5,0
ORD_00132,73.5,49298.0,Ground,15.31,5.9,2993,81.0,87.2,250.0,20.0,4.8,15071.28,6.05,71.8,0
ORD_00133,79.8,28656.0,Ground,5.5,6.7,1851,83.4,89.5,245.0,20.0,5.49,9509.34,4.96,91.9,1
ORD_00134,97.3,12726.0,Air,30.83,26.8,4081,96.2,88.3,766.0,9.33,1.41,61008.52,8.89,78.0,0
ORD_00135,79.4,17254.0,Sea,34.2,22.7,4869,87.1,93.9,851.0,12.35,19.54,9859.45,8.36,69.5,0
ORD_00136,85.0,5828.0,Ground,30.92,27.3,2461,89.3,83.2,860.0,2.54,4.73,12091.99,11.87,73.9,0
ORD_00137,90.4,46143.0,Air,10.0,23.0,4527,88.7,88.4,388.0,20.0,1.66,67862.66,5.69,83.4,0
ORD_00138,80.5,10299.0,Ground,31.37,18.3,4231,90.1,93.2,673.0,7.38,4.78,21142.61,8.33,79.4,0
ORD_00139,98.2,30943.0,Ground,31.91,20.0,1808,94.2,88.5,750.0,20.0,4.81,9212.51,6.78,86.7,0
ORD_00140,97.9,17332.0,Sea,28.05,26.8,2786,100.0,97.5,822.0,12.2,19.49,5720.99,5.44,65.2,0
ORD_00141,77.3,29938.0,Ground,31.81,17.8,2995,85.3,86.4,723.0,20.0,5.72,14999.07,5.24,88.9,0
ORD_00142,84.4,34314.0,Ground,34.61,19.3,4635,81.0,83.4,710.0,20.0,4.83,22744.59,5.15,81.5,0
ORD_00143,78.7,42338.0,Air,26.48,5.5,2876,78.3,92.5,511.0,20.0,1.14,43228.97,5.32,91.8,1
ORD_00144,78.3,14289.0,Ground,8.1,14.7,1219,87.1,91.1,350.0,11.5,4.7,6041.46,9.07,83.5,0
ORD_00145,71.1,5495.0,Ground,22.07,21.8,3088,85.9,92.1,617.0,2.9,5.4,15718.36,9.98,79.3,0
ORD_00146,87.7,11160.0,Air,7.72,8.9,4359,87.1,94.6,251.0,8.44,1.79,65615.7,7.22,83.6,0
ORD_00147,84.6,45501.0,Ground,19.26,6.9,4343,94.4,82.5,413.0,20.0,4.75,21527.4,8.25,79.1,0
ORD_00148,71.5,44325.0,Ground,19.25,10.1,294,87.2,93.0,420.0,20.0,5.02,1586.43,5.49,87.0,0
ORD_00149,78.1,31884.0,Air,7.31,8.0,762,85.8,87.0,331.0,20.0,1.64,11550.38,6.23,82.8,0
ORD_00150,96.3,32023.0,Ground,17.21,7.2,579,95.0,90.7,374.0,20.0,4.65,3000.84,5.2,79.5,0
ORD_00151,76.9,34927.0,Ground,8.88,13.3,4318,87.3,92.3,317.0,20.0,4.23,21669.92,5.82,76.8,0
ORD_00152,74.2,12892.0,Air,33.29,27.3,1523,89.1,89.7,793.0,8.71,1.76,22971.03,9.19,80.9,0
ORD_00153,84.2,46149.0,Ground,38.17,15.7,2808,89.9,93.9,718.0,20.0,4.68,14340.3,4.44,88.9,0
ORD_00154,98.6,23845.0,Sea,7.53,6.4,3275,94.9,93.1,221.0,19.26,20.22,6439.72,4.95,67.0,0
ORD_00155,77.0,22241.0,Sea,38.43,3.2,3914,86.7,91.0,764.0,16.4,20.16,7646.84,5.41,66.9,0
ORD_00156,89.5,28351.0,Sea,23.29,21.2,2114,91.9,90.2,558.0,20.0,20.03,4384.54,4.33,62.8,0
ORD_00157,92.1,7113.0,Ground,15.48,12.1,3889,94.2,88.7,381.0,4.84,4.79,19068.33,9.95,75.5,0
ORD_00158,76.9,12483.0,Air,7.69,24.8,4905,79.9,85.0,347.0,9.22,1.18,73705.8,10.64,74.7,0
ORD_00159,91.1,38212.0,Ground,22.52,20.1,2543,92.0,91.8,594.0,20.0,4.43,12810.39,4.2,89.6,0
ORD_00160,80.7,8726.0,Ground,32.81,24.1,1011,87.7,98.0,879.0,4.48,4.69,4585.9,9.79,84.9,0
ORD_00161,88.3,32142.0,Sea,29.75,8.9,3313,89.5,97.2,611.0,20.0,20.28,6498.73,3.62,69.2,0
ORD_00162,88.4,16041.0,Air,6.76,21.1,2464,92.1,89.6,373.0,11.23,2.2,37275.19,6.4,93.1,1
ORD_00163,85.5,22518.0,Ground,7.55,8.7,3729,94.3,93.2,243.0,17.08,5.63,18353.56,6.44,88.2,0
ORD_00164,72.6,17991.0,Air,19.1,28.2,3572,83.1,87.9,609.0,13.52,1.57,53622.52,9.38,88.8,0
ORD_00165,94.2,21005.0,Ground,15.34,19.5,780,94.5,93.6,547.0,16.09,5.7,3699.02,5.28,86.5,0
ORD_00166,79.3,37357.0,Ground,13.13,10.4,4751,90.5,92.7,387.0,20.0,4.85,23613.21,3.52,87.6,0
ORD_00167,75.4,18370.0,Ground,14.84,8.8,709,84.4,91.7,500.0,13.68,4.35,3928.26,7.6,85.5,0
ORD_00168,71.2,30488.0,Ground,33.12,6.5,2256,79.4,76.2,712.0,20.0,5.96,11304.69,6.65,73.9,0
ORD_00169,87.1,26422.0,Ground,37.52,21.1,3966,91.1,93.3,828.0,18.97,5.27,19933.39,5.84,88.2,0
ORD_00170,89.6,34865.0,Ground,19.18,7.3,471,83.7,87.7,441.0,20.0,4.23,2332.51,6.99,78.9,0
ORD_00171,70.5,47157.0,Ground,36.71,18.3,715,74.8,83.4,878.0,20.0,5.78,3271.97,6.83,74.4,0
ORD_00172,84.9,37966.0,Sea,16.25,8.7,2353,89.2,94.4,420.0,20.0,19.63,4469.02,5.65,70.6,0
ORD_00173,76.6,14672.0,Sea,21.68,20.2,4238,77.4,93.0,657.0,11.24,19.74,8711.69,8.5,60.0,0
ORD_00174,88.7,6403.0,Ground,12.91,24.6,964,86.0,92.8,591.0,4.42,5.51,4850.58,10.74,80.0,0
ORD_00175,75.1,16802.0,Ground,27.42,23.6,1368,82.6,86.8,690.0,12.86,5.68,6685.94,8.16,80.3,0
ORD_00176,90.0,31779.0,Ground,39.26,23.1,884,88.4,86.6,891.0,20.0,4.5,4415.59,6.79,82.3,0
ORD_00177,81.2,7314.0,Ground,26.12,6.4,4671,86.1,78.1,592.0,5.43,5.74,23487.32,11.82,60.0,0
ORD_00178,97.2,27336.0,Ground,17.52,3.6,4278,97.1,94.7,430.0,20.0,5.44,21480.9,5.19,94.3,1
ORD_00179,74.0,31858.0,Sea,27.67,21.3,2337,84.0,91.7,723.0,20.0,19.6,4520.04,8.29,60.0,0
ORD_00180,79.9,20041.0,Air,9.3,11.7,4154,83.4,88.8,266.0,15.42,1.38,61994.94,7.3,91.1,1
ORD_00181,73.3,39691.0,Sea,36.1,13.5,4995,87.0,94.2,707.0,20.0,20.76,9908.59,3.37,63.8,0
ORD_00182,96.8,9797.0,Ground,22.61,1.9,1035,89.3,86.0,430.0,6.41,4.22,5396.81,9.99,71.7,0
ORD_00183,95.4,8381.0,Ground,20.73,8.5,4080,93.6,92.1,540.0,5.06,5.69,20570.88,9.36,80.4,0
ORD_00184,77.5,37768.0,Ground,25.51,2.0,2438,80.2,87.1,437.0,20.0,5.42,12272.08,5.67,85.5,0
ORD_00185,89.1,27297.0,Sea,26.87,26.5,425,90.9,91.4,791.0,20.0,20.25,815.82,6.25,60.0,0
ORD_00186,93.7,35978.0,Ground,7.51,8.1,1634,91.2,96.6,316.0,20.0,5.07,8066.65,5.64,94.4,1
ORD_00187,86.1,24567.0,Ground,28.89,17.2,3580,92.0,91.8,728.0,18.32,5.99,17869.53,5.63,82.9,0
ORD_00188,85.4,16088.0,Air,13.47,2.1,3961,90.6,90.5,273.0,12.46,2.56,59571.35,6.29,87.6,0
ORD_00189,77.0,41860.0,Ground,29.99,20.3,2085,82.9,85.3,716.0,20.0,4.69,10627.04,6.31,80.5,0
ORD_00190,72.7,40974.0,Air,33.79,10.4,4703,80.4,93.4,705.0,20.0,1.81,70492.64,4.44,87.8,0
ORD_00191,96.0,36261.0,Ground,33.14,27.0,2878,92.3,86.6,826.0,20.0,5.94,14897.25,6.23,84.4,0
ORD_00192,96.1,17247.0,Ground,24.34,26.8,1370,98.9,92.4,694.0,12.25,4.61,6868.48,7.34,84.3,0
ORD_00193,88.4,31560.0,Ground,23.21,10.4,740,94.6,98.0,518.0,20.0,5.12,3630.61,5.52,84.0,0
ORD_00194,79.8,21244.0,Air,10.0,27.1,4803,83.0,90.9,474.0,16.09,2.0,72340.13,6.81,92.0,1
ORD_00195,80.1,9121.0,Air,32.14,29.9,4178,88.5,90.9,873.0,5.25,0.5,62262.34,9.25,84.9,0
ORD_00196,91.1,46279.0,Ground,14.5,24.9,4761,85.8,90.1,459.0,20.0,5.41,23901.01,4.1,87.6,0
ORD_00197,96.0,11157.0,Air,22.38,25.5,1467,91.9,88.4,717.0,7.79,0.96,21990.44,9.36,91.6,1
ORD_00198,95.7,47761.0,Air,14.95,8.2,4142,90.3,91.3,439.0,20.0,1.6,62419.64,5.26,83.1,0
ORD_00199,92.6,25070.0,Air,9.68,17.7,2675,94.9,91.8,339.0,19.93,2.07,40245.98,4.99,83.0,0
ORD_00200,88.6,13331.0,Sea,27.03,3.0,3703,86.0,90.8,548.0,9.06,18.81,7433.82,9.44,60.0,0
ORD_00201,72.4,29386.0,Ground,6.9,3.8,1681,83.9,83.3,279.0,20.0,5.39,8537.53,5.12,84.3,0
ORD_00202,74.7,44283.0,Ground,31.2,30.0,2086,83.6,90.9,746.0,20.0,6.02,10218.88,4.61,83.8,0
ORD_00203,96.1,37950.0,Ground,16.12,10.5,2340,92.7,96.5,428.0,20.0,4.73,11893.36,4.58,88.5,0
ORD_00204,87.6,41295.0,Ground,5.0,22.7,4066,94.4,92.2,353.0,20.0,5.29,20061.08,4.61,82.5,0
ORD_00205,70.3,34645.0,Ground,22.89,24.4,2205,86.9,93.0,606.0,20.0,5.67,11096.7,4.69,95.1,1
ORD_00206,72.9,36152.0,Ground,6.64,25.9,228,82.4,90.1,411.0,20.0,4.2,1147.12,5.43,96.4,1
ORD_00207,89.2,43214.0,Air,14.67,29.9,4901,89.1,88.8,529.0,20.0,1.88,73162.39,6.37,91.9,1
ORD_00208,70.1,16235.0,Air,29.74,8.0,4096,77.0,82.7,679.0,11.95,2.01,61453.79,8.9,72.2,0
ORD_00209,74.7,27024.0,Air,7.19,2.2,951,83.6,85.6,194.0,20.0,1.82,14321.4,4.19,88.2,0
ORD_00210,85.9,14954.0,Ground,34.38,12.9,4203,94.5,94.3,759.0,10.35,5.04,20884.02,7.15,87.5,0
ORD_00211,90.1,49445.0,Ground,5.13,4.8,2176,90.1,91.3,132.0,20.0,4.5,10677.52,5.8,85.5,0
ORD_00212,88.9,47483.0,Ground,13.64,1.7,3094,92.2,97.4,310.0,20.0,5.7,15568.44,5.16,92.1,1
ORD_00213,76.5,6774.0,Air,30.93,11.5,3844,80.2,91.2,656.0,3.22,1.52,57732.46,11.16,85.6,0
ORD_00214,90.7,36751.0,Air,16.07,23.7,2856,89.5,94.5,521.0,20.0,1.05,42885.36,5.93,100.0,1
ORD_00215,76.9,46636.0,Sea,8.57,17.4,1744,86.0,91.1,348.0,20.0,19.84,3489.77,5.45,60.0,0
ORD_00216,79.4,13126.0,Ground,17.61,10.1,4471,86.1,86.3,411.0,9.51,5.18,22241.69,9.47,75.7,0
ORD_00217,91.6,30558.0,Ground,14.46,20.0,3244,93.7,94.1,514.0,20.0,4.22,16674.44,3.87,88.9,0
ORD_00218,88.8,46197.0,Ground,34.49,7.7,342,88.2,91.1,729.0,20.0,5.01,1650.33,3.16,80.1,0
ORD_00219,94.6,6528.0,Ground,15.97,1.4,4185,87.3,86.0,347.0,3.55,4.79,20751.98,9.61,79.0,0
ORD_00220,89.1,36384.0,Ground,32.61,23.2,270,93.4,97.5,720.0,20.0,5.67,1360.89,3.67,93.5,1
ORD_00221,86.5,18381.0,Air,36.22,19.1,752,86.1,94.5,886.0,12.69,0.56,11243.81,5.65,90.4,1
ORD_00222,72.7,46598.0,Ground,20.18,23.1,3612,84.2,84.9,544.0,20.0,5.47,17995.7,5.97,73.3,0
ORD_00223,80.7,48698.0,Ground,36.85,2.1,1599,87.7,88.1,597.0,20.0,5.71,8369.86,5.32,81.6,0
ORD_00224,77.7,47492.0,Ground,18.21,25.3,2199,80.0,85.8,475.0,20.0,4.08,10769.05,7.07,85.2,0
ORD_00225,77.1,26340.0,Ground,38.74,19.0,2258,87.8,93.2,838.0,19.0,4.14,11297.49,4.36,96.5,1
ORD_00226,98.2,43792.0,Air,8.13,17.3,2072,92.5,94.4,350.0,20.0,2.39,30867.47,4.99,88.1,0
ORD_00227,81.4,43005.0,Sea,29.05,19.1,4025,86.8,90.6,740.0,20.0,19.55,7941.8,5.0,69.9,0
ORD_00228,95.9,19360.0,Ground,22.28,26.1,2358,92.1,93.3,673.0,14.41,6.55,12137.22,5.67,86.8,0
ORD_00229,88.3,42301.0,Ground,18.57,18.0,4139,94.6,88.0,537.0,20.0,4.1,20751.29,5.08,88.4,0
ORD_00230,93.0,6665.0,Sea,27.14,17.8,2135,95.9,95.1,636.0,3.37,20.09,4323.87,7.67,60.0,0
ORD_00231,84.6,31832.0,Ground,29.63,29.7,3371,82.6,88.5,838.0,20.0,4.99,16667.1,6.47,76.2,0
ORD_00232,86.7,15350.0,Ground,5.15,22.9,957,95.8,90.8,454.0,11.89,4.9,4700.08,9.21,73.9,0
ORD_00233,84.3,10426.0,Ground,10.84,13.8,3923,85.9,83.9,424.0,6.97,5.23,19979.62,10.05,71.5,0
ORD_00234,75.7,8463.0,Sea,29.96,21.5,1149,90.4,91.7,698.0,4.93,20.26,2397.87,9.79,63.2,0
ORD_00235,91.0,36333.0,Ground,28.32,12.3,4090,90.2,93.0,662.0,20.0,4.92,20382.06,4.76,84.5,0
ORD_00236,78.1,20294.0,Air,38.81,7.6,398,84.1,82.6,723.0,14.68,0.99,6058.12,7.38,88.2,0
ORD_00237,70.7,37615.0,Ground,31.64,18.3,1023,81.1,88.5,666.0,20.0,5.52,5168.53,6.44,79.4,0
ORD_00238,88.7,7941.0,Sea,38.28,27.9,4332,88.7,91.5,853.0,4.78,20.31,8496.11,10.15,60.0,0
ORD_00239,75.1,19188.0,Ground,29.59,27.9,4406,91.4,89.8,749.0,13.53,5.06,21956.24,4.56,86.4,0
ORD_00240,97.3,29277.0,Ground,15.43,10.9,2899,93.5,94.3,424.0,20.0,5.3,14945.91,3.83,90.5,1
ORD_00241,97.7,40583.0,Ground,8.69,16.3,4975,93.0,92.0,464.0,20.0,5.38,24953.4,3.14,91.8,1
ORD_00242,96.5,19344.0,Ground,32.36,7.1,4162,93.7,93.9,598.0,14.11,4.62,20496.19,8.23,80.4,0
ORD_00243,80.7,33165.0,Ground,27.55,29.9,4145,83.4,91.3,818.0,20.0,5.28,20827.04,5.13,87.7,0
ORD_00244,70.4,44869.0,Sea,6.69,29.5,1902,86.5,92.4,420.0,20.0,19.72,4064.62,5.38,70.3,0
ORD_00245,96.9,32714.0,Ground,17.6,19.8,2813,89.2,95.3,422.0,20.0,5.4,13884.12,4.35,85.0,0
ORD_00246,82.4,15483.0,Air,38.49,24.3,4606,85.2,91.2,847.0,11.17,1.4,68998.63,9.07,89.7,0
ORD_00247,98.0,6098.0,Air,22.51,21.7,2953,96.9,92.0,670.0,3.23,1.81,44585.75,11.09,78.1,0
ORD_00248,97.9,44154.0,Sea,20.15,18.2,2757,94.2,90.4,565.0,20.0,19.78,5520.98,5.23,61.7,0
ORD_00249,94.7,5957.0,Ground,21.02,2.5,4622,94.3,88.7,456.0,3.37,5.33,23081.42,12.39,73.7,0
ORD_00250,78.5,44362.0,Ground,12.31,14.2,3446,89.9,92.1,465.0,20.0,4.51,16962.79,5.37,85.1,0
ORD_00251,81.2,28802.0,Sea,17.9,20.6,1571,89.5,96.6,481.0,20.0,20.02,3356.11,3.05,71.6,0
ORD_00252,94.7,47258.0,Sea,17.94,20.6,3049,93.0,91.1,482.0,20.0,20.49,6060.31,5.43,63.5,0
ORD_00253,79.2,40945.0,Sea,6.83,11.8,1041,91.9,94.0,184.0,20.0,20.23,1647.8,5.42,60.0,0
ORD_00254,74.9,49907.0,Sea,31.86,28.3,2007,81.8,85.6,848.0,20.0,20.1,3699.47,6.02,61.7,0
ORD_00255,86.1,20782.0,Ground,19.58,5.9,4937,88.5,91.7,469.0,15.54,5.9,24572.68,6.17,75.8,0
ORD_00256,97.1,39523.0,Ground,33.78,15.5,1343,93.6,97.8,767.0,20.0,5.51,6500.43,6.09,79.3,0
ORD_00257,90.2,23087.0,Ground,34.76,21.0,4523,90.3,94.3,731.0,17.27,5.43,22431.81,4.48,90.0,0
ORD_00258,86.5,26594.0,Sea,12.42,21.2,1566,85.7,83.7,376.0,20.0,20.33,3600.93,3.68,65.8,0
ORD_00259,72.8,33238.0,Ground,28.01,19.8,4057,78.0,89.6,613.0,20.0,5.39,20426.5,7.18,86.9,0
ORD_00260,87.8,44315.0,Ground,21.53,9.0,2066,90.8,94.2,449.0,20.0,5.83,9814.53,3.64,83.7,0
ORD_00261,98.7,49284.0,Ground,35.81,5.5,475,92.5,93.1,759.0,20.0,4.79,2312.14,4.75,84.3,0
ORD_00262,74.1,39572.0,Air,12.55,19.4,362,89.1,93.8,494.0,20.0,2.0,5412.1,4.55,95.3,1
ORD_00263,85.0,23800.0,Ground,28.72,18.4,4462,88.0,87.5,655.0,18.17,5.18,22014.61,7.66,85.5,0
ORD_00264,95.4,23961.0,Sea,26.27,6.2,3488,92.2,92.5,559.0,18.12,19.81,7082.88,7.12,61.5,0
ORD_00265,91.5,38191.0,Sea,15.34,21.4,3495,94.5,97.5,468.0,20.0,19.95,6581.72,3.08,66.0,0
ORD_00266,90.2,15745.0,Air,9.78,14.2,2044,91.8,96.2,379.0,11.81,1.61,30879.39,8.38,94.3,1
ORD_00267,90.4,9971.0,Air,27.81,20.4,1993,90.1,93.7,623.0,6.41,1.07,30183.31,10.36,81.4,0
ORD_00268,80.4,20958.0,Air,30.85,25.3,3734,84.3,86.0,803.0,15.3,1.93,56480.52,7.54,82.8,0
ORD_00269,78.5,17926.0,Ground,16.05,5.9,1752,96.3,89.5,346.0,13.43,4.95,8445.13,8.47,71.8,0
ORD_00270,93.5,18334.0,Sea,27.57,1.6,4241,93.1,93.1,566.0,13.22,20.04,8207.82,8.11,62.1,0
ORD_00271,93.5,15512.0,Ground,18.83,23.6,3992,95.3,94.1,550.0,11.73,5.68,20098.53,7.12,86.6,0
ORD_00272,95.1,6894.0,Ground,29.96,18.7,699,89.7,91.0,659.0,5.11,5.06,3731.54,9.66,73.5,0
ORD_00273,96.5,5804.0,Sea,11.97,21.3,4915,91.7,88.9,531.0,3.46,20.78,9991.79,11.22,60.0,0
ORD_00274,84.8,49448.0,Ground,36.16,25.3,2012,94.5,94.8,854.0,20.0,4.74,10275.94,3.15,89.1,0
ORD_00275,84.5,24250.0,Ground,15.06,24.3,1392,92.2,92.7,504.0,18.32,4.45,7235.37,5.24,90.6,1
ORD_00276,93.2,22295.0,Ground,17.87,28.9,700,93.3,93.8,637.0,16.82,4.86,3540.45,4.68,89.5,0
ORD_00277,88.8,35584.0,Ground,7.03,16.5,480,88.8,93.5,271.0,20.0,3.59,2357.49,6.4,76.6,0
ORD_00278,90.4,14821.0,Ground,8.9,15.2,4313,90.0,90.4,410.0,11.63,5.45,21291.36,7.59,83.0,0
ORD_00279,93.1,47748.0,Ground,23.06,12.7,3737,89.9,89.5,540.0,20.0,4.48,18625.38,5.85,87.1,0
ORD_00280,95.8,40386.0,Ground,14.37,5.5,2263,89.6,95.8,389.0,20.0,4.69,11286.02,4.41,81.1,0
ORD_00281,79.8,9023.0,Sea,34.24,17.6,4455,88.7,88.0,677.0,5.62,20.36,8720.06,9.83,60.1,0
ORD_00282,80.9,23791.0,Ground,5.51,9.0,1198,88.0,88.9,236.0,17.87,5.06,5982.36,6.51,84.8,0
ORD_00283,72.7,44560.0,Ground,18.27,27.7,465,84.9,94.7,596.0,20.0,4.78,2112.52,4.07,96.3,1
ORD_00284,86.8,47513.0,Air,16.81,17.9,2670,88.0,88.6,547.0,20.0,0.5,40272.67,5.51,82.6,0
ORD_00285,71.0,26033.0,Ground,5.68,18.2,3519,82.7,88.6,365.0,19.46,5.65,17680.16,5.67,81.1,0
ORD_00286,83.5,32604.0,Air,9.35,11.3,2576,86.3,88.6,311.0,20.0,1.86,38548.08,5.29,95.4,1
ORD_00287,85.7,12517.0,Ground,19.48,2.5,890,86.4,83.1,428.0,9.44,6.03,4487.77,10.09,63.7,0
ORD_00288,78.3,49603.0,Ground,22.25,1.9,3669,90.2,91.1,512.0,20.0,4.7,18123.98,4.89,85.2,0
ORD_00289,87.1,15425.0,Sea,19.15,13.3,846,89.6,87.3,483.0,11.19,19.27,1491.26,10.16,60.0,0
ORD_00290,70.9,47423.0,Air,23.58,3.5,412,83.4,90.2,466.0,20.0,2.0,6053.23,6.1,78.9,0
ORD_00291,71.1,34234.0,Ground,25.83,18.6,4733,84.5,94.0,542.0,20.0,4.91,23626.61,3.55,84.0,0
ORD_00292,93.9,32348.0,Sea,5.35,26.5,1020,92.6,83.6,379.0,20.0,20.31,2068.24,7.02,63.3,0
ORD_00293,80.4,28071.0,Ground,21.24,26.6,1177,86.9,88.8,545.0,20.0,5.81,5914.03,4.99,84.6,0
ORD_00294,73.7,15380.0,Ground,38.72,20.1,2929,79.9,89.8,836.0,11.47,5.19,14381.24,8.23,85.0,0
ORD_00295,85.1,12944.0,Ground,23.17,7.1,2481,85.6,81.2,554.0,9.45,5.08,12388.85,9.25,74.8,0
ORD_00296,92.3,14922.0,Ground,28.71,26.0,3718,88.7,96.4,633.0,11.05,5.12,18426.39,5.03,100.0,1
ORD_00297,76.3,13390.0,Air,15.92,26.7,897,86.1,91.7,614.0,9.51,0.68,12773.21,8.37,88.6,0
ORD_00298,88.1,40081.0,Ground,32.09,6.7,4543,89.8,95.8,618.0,20.0,5.55,23330.12,3.2,97.4,1
ORD_00299,72.5,20756.0,Ground,32.05,22.4,372,79.9,85.7,759.0,15.32,5.59,1700.27,7.97,76.2,0
ORD_00300,71.5,7603.0,Ground,23.25,9.3,3110,83.9,87.6,498.0,5.45,5.27,15401.37,10.4,74.9,0
ORD_00301,85.4,48610.0,Air,39.16,24.3,4915,90.1,90.9,796.0,20.0,0.74,73455.71,4.76,96.4,1
ORD_00302,85.7,44770.0,Ground,9.39,29.9,1873,86.5,98.0,441.0,20.0,4.94,9153.5,6.13,91.1,1
ORD_00303,88.5,46749.0,Air,5.59,1.9,2647,89.7,96.7,304.0,20.0,2.22,39667.27,3.26,96.1,1
ORD_00304,91.1,49771.0,Ground,31.96,27.0,3264,92.6,92.9,741.0,20.0,4.72,16590.36,4.43,88.7,0
ORD_00305,98.3,12825.0,Ground,33.25,19.1,4880,91.7,93.1,672.0,9.36,5.59,24361.13,7.11,84.6,0
ORD_00306,85.0,22831.0,Sea,9.21,29.2,4817,89.9,94.0,479.0,17.09,20.03,9569.29,7.81,62.0,0
ORD_00307,79.4,39121.0,Ground,14.3,14.5,1046,86.6,98.0,426.0,20.0,5.36,5470.05,5.65,82.2,0
ORD_00308,93.1,36321.0,Ground,5.61,25.6,2765,88.9,92.6,373.0,20.0,4.79,13720.12,3.68,91.1,1
ORD_00309,77.9,11925.0,Air,15.27,2.8,606,85.7,90.2,352.0,8.17,1.54,9094.23,8.2,86.5,0
ORD_00310,82.7,41712.0,Ground,32.06,10.7,343,88.3,89.6,699.0,20.0,5.22,1530.69,4.77,81.1,0
ORD_00311,72.3,15100.0,Sea,23.13,2.9,605,80.6,89.2,441.0,10.45,19.46,1547.03,7.94,62.6,0
ORD_00312,70.7,15072.0,Sea,17.18,29.3,4617,80.2,85.7,602.0,10.65,20.14,9443.7,7.9,60.0,0
ORD_00313,97.9,29164.0,Ground,18.01,24.7,3258,91.0,93.8,619.0,20.0,3.66,16259.4,4.32,100.0,1
ORD_00314,94.2,31682.0,Ground,5.05,25.7,3690,91.1,86.1,332.0,20.0,4.7,18370.11,7.08,80.6,0
ORD_00315,90.2,31104.0,Ground,15.49,28.2,1972,90.5,90.6,442.0,20.0,5.27,9853.63,7.35,86.8,0
ORD_00316,81.9,9117.0,Sea,27.63,3.5,3893,85.2,92.8,576.0,5.9,20.56,7758.32,7.77,60.9,0
ORD_00317,75.0,44486.0,Ground,39.1,12.2,1292,79.3,89.2,909.0,20.0,5.24,6150.64,4.57,95.8,1
ORD_00318,74.5,16952.0,Ground,34.65,3.1,4525,81.5,86.7,644.0,12.64,4.3,22841.53,8.42,74.0,0
ORD_00319,77.3,10828.0,Ground,5.83,7.1,4845,83.5,88.3,254.0,7.85,5.52,24179.57,7.82,76.4,0
ORD_00320,85.9,44994.0,Ground,36.45,7.7,1564,91.1,96.0,693.0,20.0,4.43,8199.67,4.83,84.9,0
ORD_00321,90.7,48004.0,Air,32.41,14.6,490,92.6,87.6,782.0,20.0,1.81,7434.36,6.4,86.6,0
ORD_00322,89.1,43796.0,Ground,32.31,8.8,4576,92.6,87.6,651.0,20.0,4.45,22375.78,6.56,77.1,0
ORD_00323,78.1,41428.0,Ground,21.03,3.9,3477,82.9,85.3,438.0,20.0,4.61,17128.68,6.72,73.6,0
ORD_00324,97.7,34486.0,Ground,18.93,5.9,4937,94.4,93.0,476.0,20.0,4.52,24255.79,4.52,78.2,0
ORD_00325,91.4,29789.0,Air,15.6,5.3,772,83.9,83.9,352.0,20.0,1.57,11321.19,6.23,75.3,0
ORD_00326,86.1,8914.0,Ground,7.3,29.2,2660,90.0,95.3,379.0,5.99,4.9,12973.28,7.72,86.1,0
ORD_00327,87.7,23380.0,Ground,12.99,23.0,1311,91.3,88.3,523.0,17.85,5.25,6605.51,6.87,78.9,0
ORD_00328,82.2,21771.0,Ground,13.63,29.1,1029,85.9,91.0,507.0,15.37,4.99,5081.78,8.35,73.5,0
ORD_00329,77.2,16689.0,Air,21.94,13.8,1639,85.6,87.7,490.0,12.26,0.74,24733.11,8.64,80.9,0
ORD_00330,80.3,37554.0,Ground,31.16,9.1,1012,81.6,88.3,745.0,20.0,5.14,5052.38,5.06,82.4,0
ORD_00331,92.0,27314.0,Ground,21.58,24.2,743,89.0,84.7,608.0,20.0,4.12,3666.94,7.28,75.8,0
ORD_00332,70.4,8647.0,Ground,7.02,10.5,4622,84.0,93.4,314.0,6.46,4.56,23510.64,11.42,83.2,0
ORD_00333,73.4,14908.0,Ground,38.52,9.7,601,84.5,85.7,757.0,11.01,4.82,3049.56,9.08,83.5,0
ORD_00334,71.3,35747.0,Ground,38.0,7.7,829,80.9,84.0,688.0,20.0,4.78,4128.9,6.95,88.0,0
ORD_00335,71.2,8426.0,Sea,32.48,4.8,1383,84.5,98.0,660.0,5.36,19.18,2595.31,9.37,60.1,0
ORD_00336,94.8,43304.0,Ground,39.7,8.4,2218,93.1,94.8,779.0,20.0,5.69,10854.82,3.18,91.9,1
ORD_00337,90.4,27282.0,Sea,24.06,11.3,4652,89.2,95.1,518.0,20.0,20.82,9458.1,4.33,62.4,0
ORD_00338,83.8,26626.0,Ground,38.7,20.5,4486,87.1,92.3,866.0,20.0,6.13,22572.14,4.64,81.7,0
ORD_00339,72.8,31658.0,Air,7.65,2.8,3936,81.4,86.7,211.0,20.0,2.07,59354.32,6.83,85.5,0
ORD_00340,84.3,42111.0,Air,17.8,7.1,1019,84.4,84.3,369.0,20.0,1.3,15380.78,7.07,88.4,0
ORD_00341,83.7,20651.0,Ground,12.89,24.5,4150,91.4,90.8,429.0,16.98,4.79,20671.38,6.16,90.3,1
ORD_00342,75.0,35511.0,Ground,11.85,5.3,2439,82.1,84.8,333.0,20.0,4.77,12297.2,5.71,80.1,0
ORD_00343,82.6,30458.0,Ground,9.93,10.9,855,84.7,86.0,317.0,20.0,5.99,4258.94,4.42,77.8,0
ORD_00344,81.6,17016.0,Ground,26.78,26.1,1969,82.1,82.4,785.0,12.51,4.94,10018.08,8.87,79.0,0
ORD_00345,87.9,44538.0,Ground,32.35,5.5,4572,81.6,89.0,627.0,20.0,5.63,23126.87,4.69,76.2,0
ORD_00346,88.4,40884.0,Ground,25.24,3.4,607,91.9,98.0,467.0,20.0,5.6,3001.29,3.22,91.7,1
ORD_00347,71.3,34630.0,Air,10.14,15.1,1536,84.5,91.8,380.0,20.0,1.59,23391.46,6.16,90.0,0
ORD_00348,80.9,43276.0,Ground,33.39,9.8,2675,90.0,91.1,614.0,20.0,4.27,13612.67,6.16,83.3,0
ORD_00349,88.1,44028.0,Ground,27.26,17.3,3526,89.2,91.1,643.0,20.0,4.95,17633.54,4.85,79.1,0
ORD_00350,84.6,36876.0,Air,18.59,24.3,658,87.1,78.3,589.0,20.0,1.57,10004.15,5.69,83.3,0
ORD_00351,94.8,42666.0,Ground,28.59,5.0,3202,91.2,90.2,579.0,20.0,5.64,16071.1,4.64,94.1,1
ORD_00352,89.1,36386.0,Ground,14.1,17.8,4616,88.8,85.4,519.0,20.0,5.01,23084.4,7.18,82.7,0
ORD_00353,74.7,35606.0,Ground,17.08,15.7,3722,87.0,91.0,611.0,20.0,4.4,18992.63,5.82,91.5,1
ORD_00354,72.0,32838.0,Sea,37.11,5.2,4499,82.3,87.8,732.0,20.0,20.49,9101.52,5.36,60.0,0
ORD_00355,88.6,38872.0,Sea,15.17,19.1,4157,91.0,88.4,539.0,20.0,19.89,8145.81,5.8,62.7,0
ORD_00356,70.8,12137.0,Ground,21.45,8.9,3815,80.5,88.6,620.0,8.17,3.73,18869.41,7.18,83.4,0
ORD_00357,87.0,44639.0,Ground,36.15,15.1,1401,93.1,93.0,713.0,20.0,5.16,6807.58,2.9,91.7,1
ORD_00358,97.3,44233.0,Ground,29.77,3.4,2255,88.1,96.9,580.0,20.0,5.25,11372.9,6.44,88.3,0
ORD_00359,86.7,6316.0,Ground,7.18,14.3,792,85.3,92.6,298.0,3.88,4.58,3891.7,10.45,77.5,0
ORD_00360,81.3,42162.0,Air,10.16,9.9,4450,87.7,91.6,374.0,20.0,1.4,66816.66,5.27,85.5,0
ORD_00361,88.7,10799.0,Ground,5.27,24.8,1578,95.1,89.5,391.0,7.82,5.33,8077.28,8.83,80.7,0
ORD_00362,83.3,20080.0,Sea,27.08,2.7,356,86.8,86.1,487.0,15.25,20.17,1117.74,5.75,64.4,0
ORD_00363,85.8,38458.0,Ground,20.67,13.1,2530,86.1,92.5,516.0,20.0,4.22,12586.31,6.11,92.6,1
ORD_00364,97.3,12234.0,Ground,9.7,14.3,541,96.8,93.1,412.0,9.51,5.63,2423.29,7.05,89.0,0
ORD_00365,81.2,41809.0,Ground,38.53,22.0,1981,87.5,91.6,789.0,20.0,5.85,10263.48,5.96,85.8,0
ORD_00366,97.9,42446.0,Air,23.54,17.7,2746,97.9,98.0,554.0,20.0,1.24,40898.58,4.43,90.3,1
ORD_00367,96.3,27836.0,Ground,13.47,20.3,3920,89.4,85.3,417.0,20.0,4.05,19300.71,6.16,75.6,0
ORD_00368,75.7,5287.0,Ground,22.52,23.5,4777,87.7,96.3,642.0,2.58,5.39,24238.29,8.48,79.8,0
ORD_00369,72.0,17917.0,Air,28.79,26.0,1835,77.8,91.1,802.0,14.06,1.16,27738.25,5.83,95.1,1
ORD_00370,72.9,32762.0,Air,7.67,10.1,3835,82.0,80.5,195.0,20.0,1.77,57621.97,7.32,86.7,0
ORD_00371,70.5,49153.0,Sea,14.61,16.6,2745,83.0,98.0,457.0,20.0,21.1,5480.02,4.38,67.7,0
ORD_00372,72.7,33432.0,Ground,33.24,25.4,118,83.3,90.4,755.0,20.0,4.23,542.16,5.48,86.2,0
ORD_00373,89.8,16691.0,Ground,21.09,29.7,1224,93.6,90.8,704.0,12.55,4.6,5989.83,7.89,90.7,1
ORD_00374,72.1,33530.0,Ground,24.13,26.8,4085,76.9,89.0,664.0,20.0,4.9,20368.39,3.71,91.2,1
ORD_00375,79.3,29299.0,Sea,20.15,11.8,2754,86.1,86.2,503.0,20.0,20.65,5498.52,7.08,60.0,0
ORD_00376,94.5,40093.0,Ground,6.54,6.7,2180,96.1,95.8,251.0,20.0,6.78,10625.11,4.27,83.9,0
ORD_00377,70.7,9814.0,Ground,10.8,15.2,1647,82.0,85.5,440.0,7.1,5.12,8070.95,11.21,66.6,0
ORD_00378,93.6,39246.0,Sea,20.59,22.5,961,88.7,98.0,691.0,20.0,19.18,1499.62,2.29,67.8,0
ORD_00379,78.2,29357.0,Sea,12.32,15.3,254,88.2,91.1,350.0,20.0,19.83,523.59,5.9,60.0,0
ORD_00380,73.4,48335.0,Air,6.75,15.0,3594,81.1,91.0,274.0,20.0,1.11,53925.62,5.91,91.8,1
ORD_00381,90.2,20384.0,Sea,34.53,25.3,1004,88.1,87.7,836.0,14.69,20.36,2363.7,5.95,60.0,0
ORD_00382,88.2,33468.0,Ground,39.34,11.5,1369,86.9,93.7,741.0,20.0,5.19,6920.11,4.31,86.9,0
ORD_00383,95.4,46941.0,Ground,32.76,25.9,504,92.4,92.3,846.0,20.0,4.48,2408.79,4.1,93.2,1
ORD_00384,91.3,9613.0,Air,34.88,12.8,943,91.6,86.4,780.0,5.78,1.08,14104.93,11.17,87.2,0
ORD_00385,93.3,47175.0,Air,13.47,10.5,1882,88.2,89.9,359.0,20.0,1.32,28327.36,5.82,85.7,0
ORD_00386,78.2,35955.0,Ground,38.62,14.2,1664,82.0,96.4,754.0,20.0,4.88,8365.52,6.14,83.1,0
ORD_00387,75.1,8053.0,Ground,11.89,23.1,1284,81.7,92.0,450.0,4.93,4.98,6535.66,9.92,65.9,0
ORD_00388,91.8,18543.0,Ground,38.3,4.7,846,88.4,89.4,717.0,13.64,5.02,4305.41,8.23,79.2,0
ORD_00389,93.4,36868.0,Ground,39.82,6.7,1825,92.1,84.8,767.0,20.0,5.62,9074.47,7.46,77.4,0
ORD_00390,98.7,8031.0,Ground,29.91,28.6,3288,95.5,90.1,665.0,5.41,4.8,16332.84,10.42,80.0,0
ORD_00391,82.0,31198.0,Air,39.34,6.1,370,87.6,85.0,690.0,20.0,1.23,5432.09,5.86,87.5,0
ORD_00392,80.8,20565.0,Ground,24.93,17.5,4965,87.0,83.1,594.0,15.97,4.33,24639.95,7.18,76.9,0
ORD_00393,92.5,32941.0,Air,14.08,17.8,4056,96.6,97.0,414.0,20.0,1.39,60623.58,4.38,96.4,1
ORD_00394,79.9,7058.0,Ground,20.29,15.2,271,87.2,90.8,383.0,5.2,5.13,1722.69,10.62,77.7,0
ORD_00395,97.0,44219.0,Ground,25.77,19.7,373,96.0,98.0,550.0,20.0,4.14,1889.94,3.53,85.3,0
ORD_00396,94.9,48807.0,Sea,7.56,7.7,2406,91.5,88.0,209.0,20.0,19.83,4780.94,6.45,65.1,0
ORD_00397,82.4,48600.0,Air,26.78,17.0,1258,89.9,91.5,632.0,20.0,2.08,18770.82,5.6,96.3,1
ORD_00398,91.8,38734.0,Air,39.34,11.8,1806,89.9,85.9,763.0,20.0,1.82,27175.78,4.86,92.1,1
ORD_00399,91.9,10854.0,Ground,11.65,20.2,1871,92.6,90.0,405.0,8.56,5.19,9595.73,9.53,72.0,0
ORD_00400,73.0,39122.0,Ground,32.74,5.1,521,78.7,86.7,672.0,20.0,5.31,2749.65,6.14,80.3,0
ORD_00401,96.2,6106.0,Ground,36.78,17.6,1309,93.8,91.3,832.0,2.89,4.71,6729.32,9.88,83.1,0
ORD_00402,84.7,5996.0,Sea,38.03,6.4,4775,85.2,90.0,729.0,3.09,19.65,9432.69,10.7,60.0,0
ORD_00403,94.0,19562.0,Ground,38.6,9.1,990,95.1,97.2,758.0,13.8,5.64,4949.17,5.77,89.5,0
ORD_00404,79.3,26989.0,Ground,23.25,7.3,4917,88.3,94.4,465.0,20.0,5.41,24470.32,5.09,86.7,0
ORD_00405,96.0,39668.0,Ground,39.21,6.3,3367,91.8,89.0,702.0,20.0,4.63,16856.41,5.47,86.0,0
ORD_00406,81.3,35748.0,Ground,31.51,24.9,1573,92.7,92.3,687.0,20.0,4.06,8119.52,3.62,86.9,0
ORD_00407,70.3,25066.0,Ground,10.66,9.3,3343,80.8,91.5,322.0,19.44,4.64,16802.88,5.31,88.2,0
ORD_00408,96.3,17313.0,Air,21.69,27.9,4578,88.5,95.1,688.0,12.26,1.77,68995.34,6.61,91.0,1
ORD_00409,72.6,49871.0,Ground,30.14,29.1,2281,80.4,85.5,853.0,20.0,4.67,11347.3,6.81,73.5,0
ORD_00410,79.3,24178.0,Air,13.66,17.6,1549,82.5,91.7,433.0,17.47,1.67,23073.61,6.88,87.9,0
ORD_00411,97.6,25312.0,Air,27.42,5.1,3196,95.0,94.6,577.0,19.25,2.21,48042.43,4.53,96.0,1
ORD_00412,97.6,12363.0,Sea,28.33,11.9,3356,90.2,87.3,477.0,8.86,19.95,6735.77,8.46,60.0,0
ORD_00413,86.6,40766.0,Air,10.69,24.1,3256,87.4,93.8,432.0,20.0,1.62,48904.54,3.25,83.8,0
ORD_00414,88.3,36216.0,Ground,24.78,11.7,1690,90.7,92.3,542.0,20.0,5.34,8484.64,4.33,87.2,0
ORD_00415,83.0,14935.0,Ground,32.01,3.5,4339,87.8,83.8,683.0,10.47,4.46,21598.11,8.97,83.7,0
ORD_00416,78.5,8707.0,Ground,22.46,17.1,4081,85.3,88.7,594.0,6.4,4.61,20444.15,8.44,77.4,0
ORD_00417,79.5,35622.0,Sea,5.42,25.5,1535,86.2,90.3,410.0,20.0,20.36,3264.67,6.35,67.5,0
ORD_00418,89.5,34453.0,Air,5.32,24.1,323,89.2,88.8,395.0,20.0,1.52,5060.22,5.94,84.8,0
ORD_00419,91.8,17297.0,Ground,17.5,6.1,319,86.5,95.2,413.0,12.77,5.06,1497.1,6.77,78.6,0
ORD_00420,93.0,47789.0,Sea,37.42,20.5,4374,90.6,96.8,902.0,20.0,20.02,8794.2,4.47,67.2,0
ORD_00421,92.9,11798.0,Ground,13.0,7.4,1754,93.2,91.1,239.0,8.38,5.49,9065.42,9.13,73.3,0
ORD_00422,72.6,24455.0,Sea,27.2,7.3,4628,82.3,86.8,574.0,18.36,20.22,9162.42,7.1,60.0,0
ORD_00423,84.3,47463.0,Air,12.77,26.3,364,89.1,90.7,559.0,20.0,1.72,5330.11,6.21,86.9,0
ORD_00424,71.7,23888.0,Ground,16.26,8.2,1053,80.5,87.4,315.0,18.78,5.61,5423.88,5.95,89.5,0
ORD_00425,85.9,33734.0,Ground,34.68,8.6,4624,91.7,89.7,731.0,20.0,5.8,23243.79,5.4,81.7,0
ORD_00426,82.8,22892.0,Ground,30.51,1.0,3833,79.6,73.0,528.0,16.81,6.12,18997.6,9.18,69.6,0
ORD_00427,95.7,17340.0,Sea,8.34,26.2,2874,93.5,98.0,441.0,13.32,19.71,5468.11,6.12,67.9,0
ORD_00428,80.2,49279.0,Ground,20.0,24.0,3224,90.1,91.5,553.0,20.0,6.23,16162.31,6.14,87.3,0
ORD_00429,73.4,23420.0,Ground,6.02,19.2,579,87.5,89.9,392.0,17.54,4.45,2811.28,7.48,89.2,0
ORD_00430,74.1,45234.0,Air,21.83,22.8,3614,82.7,90.2,595.0,20.0,2.47,53873.18,5.81,87.1,0
ORD_00431,92.1,15348.0,Ground,28.19,5.4,1453,87.5,90.3,608.0,10.32,4.68,7127.56,7.45,79.7,0
ORD_00432,87.9,14590.0,Ground,9.15,14.3,3422,93.7,91.1,373.0,11.39,4.97,17230.52,8.43,70.0,0
ORD_00433,72.9,6401.0,Sea,15.11,11.2,3978,82.7,84.9,376.0,4.34,20.01,7925.72,11.35,60.0,0
ORD_00434,72.4,34325.0,Ground,18.92,3.7,989,82.1,81.4,439.0,20.0,4.57,5258.22,5.8,83.4,0
ORD_00435,90.3,21584.0,Ground,37.18,15.1,3954,88.0,85.4,745.0,15.73,5.04,19352.55,7.86,82.1,0
ORD_00436,72.1,43896.0,Air,39.76,27.7,1024,78.7,83.1,921.0,20.0,1.09,15627.6,5.99,89.9,0
ORD_00437,93.8,26294.0,Air,6.57,2.2,2270,93.9,95.5,201.0,20.0,0.88,33981.22,5.42,93.8,1
ORD_00438,90.5,48569.0,Ground,31.64,9.5,2002,92.7,95.4,695.0,20.0,4.98,9912.32,5.2,89.5,0
ORD_00439,72.4,13349.0,Ground,18.01,7.0,4973,83.2,85.6,453.0,9.73,5.79,24554.76,9.47,71.3,0
ORD_00440,72.5,44088.0,Sea,18.74,7.9,2495,80.3,77.5,443.0,20.0,19.87,5083.02,7.42,60.0,0
ORD_00441,98.6,39947.0,Ground,31.4,27.3,128,91.2,91.9,755.0,20.0,5.47,274.65,3.07,85.2,0
ORD_00442,80.9,39691.0,Ground,37.14,14.6,134,82.1,87.0,710.0,20.0,4.58,833.58,4.73,93.8,1
ORD_00443,80.7,43015.0,Air,38.28,14.5,3689,84.7,87.8,797.0,20.0,0.86,55032.33,5.69,92.8,1
ORD_00444,93.6,39246.0,Sea,25.2,23.1,2770,89.1,95.0,631.0,20.0,20.23,5268.86,6.27,72.5,0
ORD_00445,97.5,33180.0,Ground,17.5,5.5,3465,88.7,91.6,312.0,20.0,5.88,17086.76,5.82,95.2,1
ORD_00446,98.6,10906.0,Air,32.56,15.1,688,96.3,89.8,643.0,7.17,1.6,10176.81,11.19,71.6,0
ORD_00447,91.8,6464.0,Ground,13.79,13.5,3318,87.4,85.8,496.0,3.87,5.41,16778.42,11.06,76.5,0
ORD_00448,80.9,46438.0,Ground,24.74,18.3,3238,89.4,90.2,585.0,20.0,5.75,16490.79,5.44,77.3,0
ORD_00449,72.4,32749.0,Air,17.55,30.0,1003,83.8,85.7,657.0,20.0,1.48,14922.48,7.57,85.3,0
ORD_00450,92.5,40844.0,Ground,27.98,23.3,4186,92.5,92.1,688.0,20.0,4.92,20920.69,5.03,88.5,0
ORD_00451,86.2,26669.0,Ground,13.41,12.5,2269,93.8,96.9,463.0,20.0,5.24,11442.98,3.47,85.0,0
ORD_00452,82.3,10279.0,Air,11.71,25.0,439,83.2,83.6,534.0,6.13,1.83,6519.14,10.94,72.6,0
ORD_00453,96.3,10633.0,Sea,37.14,6.0,4370,95.9,93.9,663.0,6.32,19.3,8830.15,10.14,60.0,0
ORD_00454,73.2,35850.0,Sea,8.56,1.9,1814,82.1,92.4,144.0,20.0,20.15,3627.18,4.32,66.5,0
ORD_00455,84.3,24364.0,Ground,22.71,6.9,4792,95.6,93.1,401.0,18.74,5.0,23909.31,6.0,80.2,0
ORD_00456,70.3,14024.0,Ground,12.73,10.9,4646,80.5,91.1,337.0,11.17,4.61,22946.04,7.9,77.7,0
ORD_00457,83.6,27122.0,Ground,6.36,15.8,656,86.0,88.9,416.0,20.0,4.97,3309.81,6.11,76.0,0
ORD_00458,71.6,7889.0,Ground,6.26,18.8,3187,83.5,89.9,324.0,5.18,4.42,16126.68,10.27,70.3,0
ORD_00459,73.4,31189.0,Ground,11.13,27.4,3366,82.4,90.6,494.0,20.0,4.24,16674.34,4.99,85.5,0
ORD_00460,73.4,17105.0,Air,35.34,15.8,3667,80.8,86.0,822.0,12.03,1.53,54611.35,8.39,87.8,0
ORD_00461,88.8,40890.0,Ground,14.89,15.5,2156,87.1,98.0,453.0,20.0,5.45,10716.09,3.95,96.2,1
ORD_00462,91.6,18966.0,Sea,38.27,2.5,3999,95.6,95.8,697.0,12.97,19.83,8299.95,6.86,71.5,0
ORD_00463,86.9,25485.0,Ground,25.36,2.0,1116,85.6,95.2,528.0,19.38,4.52,5822.39,4.06,92.8,1
ORD_00464,97.9,5523.0,Air,20.28,17.0,2162,94.7,97.4,555.0,3.42,1.1,32313.91,8.75,88.3,0
ORD_00465,80.9,8260.0,Ground,25.3,13.7,938,89.6,92.7,584.0,4.94,5.27,4781.1,9.21,80.7,0
ORD_00466,78.3,22662.0,Ground,23.08,25.3,1737,88.5,96.5,613.0,17.28,5.83,8807.71,5.73,88.3,0
ORD_00467,95.2,26597.0,Ground,31.56,5.7,4421,91.0,92.6,623.0,20.0,5.39,22403.07,3.69,81.0,0
ORD_00468,76.5,32001.0,Air,14.89,1.7,3596,83.8,86.4,392.0,20.0,2.15,53629.88,5.93,96.4,1
ORD_00469,97.9,18125.0,Ground,17.36,14.0,1913,92.9,92.6,562.0,13.38,4.48,9351.23,6.39,75.4,0
ORD_00470,70.4,36274.0,Ground,36.29,7.9,3579,77.1,82.9,722.0,20.0,4.96,17493.05,6.15,86.7,0
ORD_00471,98.1,43706.0,Ground,38.13,2.4,1551,95.8,85.1,729.0,20.0,5.51,7619.32,5.57,82.4,0
ORD_00472,71.3,40093.0,Ground,36.24,22.0,2413,82.2,85.4,833.0,20.0,4.3,12278.26,6.39,77.0,0
ORD_00473,95.8,6783.0,Sea,19.68,4.2,1614,97.5,94.4,425.0,4.48,19.67,3116.06,9.34,60.0,0
ORD_00474,85.3,26623.0,Sea,32.31,18.6,1331,85.9,94.3,760.0,20.0,20.47,2400.36,5.56,62.8,0
ORD_00475,98.8,9722.0,Sea,21.67,9.2,1745,97.7,90.8,558.0,5.65,20.13,3535.33,10.09,60.0,0
ORD_00476,72.1,15892.0,Ground,22.41,6.0,3099,85.9,94.1,440.0,11.37,4.52,15545.47,5.93,79.6,0
ORD_00477,86.1,49400.0,Ground,12.16,12.0,3540,88.9,86.3,306.0,20.0,4.18,17496.59,5.1,78.2,0
ORD_00478,98.1,11412.0,Sea,25.69,24.2,4156,87.6,87.0,653.0,8.43,20.67,8210.79,9.25,60.0,0
ORD_00479,85.2,27450.0,Ground,11.51,12.4,405,86.8,96.2,382.0,20.0,3.97,2055.12,4.53,89.0,0
ORD_00480,88.3,32817.0,Air,16.6,22.8,3636,95.1,93.5,575.0,20.0,1.82,54689.2,4.11,87.9,0
ORD_00481,90.2,36611.0,Air,34.93,4.6,1823,91.5,91.3,612.0,20.0,1.23,27215.23,6.61,89.2,0
ORD_00482,83.2,30184.0,Ground,12.25,23.4,1789,89.5,92.3,347.0,20.0,5.52,8786.4,6.02,78.7,0
ORD_00483,88.2,5440.0,Sea,7.49,7.9,1617,89.4,86.5,250.0,3.75,19.48,3616.51,9.26,60.0,0
ORD_00484,86.9,19691.0,Ground,7.42,20.6,4017,88.5,89.6,367.0,14.02,6.31,20030.19,7.69,84.7,0
ORD_00485,96.1,28297.0,Ground,37.93,17.4,519,87.7,90.7,750.0,20.0,5.2,2644.89,5.35,86.7,0
ORD_00486,71.3,8954.0,Air,22.74,27.9,3036,84.5,94.5,627.0,5.5,1.78,45669.67,10.42,81.3,0
ORD_00487,78.1,20778.0,Ground,19.33,12.2,3962,88.4,84.3,531.0,15.29,4.61,19452.62,6.2,79.2,0
ORD_00488,97.6,6494.0,Sea,33.38,2.9,4329,91.1,98.0,628.0,4.47,19.93,8654.29,11.02,62.0,0
ORD_00489,95.8,8536.0,Ground,34.25,1.6,1550,92.6,91.9,644.0,4.73,4.95,7420.86,8.95,78.0,0
ORD_00490,83.2,22862.0,Ground,16.63,25.0,3196,86.5,85.8,531.0,16.63,5.9,15953.84,7.51,90.4,1
ORD_00491,88.0,10972.0,Sea,29.28,16.2,3361,90.9,86.6,631.0,7.65,20.2,6996.62,9.1,60.0,0
ORD_00492,78.0,30539.0,Ground,31.99,23.5,1264,83.5,90.3,750.0,20.0,5.27,6120.31,5.08,87.0,0
ORD_00493,75.5,36026.0,Ground,27.91,7.8,1969,86.7,85.0,606.0,20.0,5.27,9511.72,4.56,91.5,1
ORD_00494,83.4,41026.0,Ground,10.31,11.0,1919,87.8,88.5,268.0,20.0,5.31,9972.54,6.93,77.6,0
ORD_00495,80.2,14007.0,Ground,35.66,1.9,2805,78.5,86.5,732.0,10.37,4.31,13795.59,8.65,77.1,0
ORD_00496,86.9,12537.0,Ground,23.87,28.9,3615,90.4,96.2,718.0,8.91,6.02,17775.28,7.69,84.7,0
ORD_00497,72.3,9706.0,Ground,14.89,20.4,1442,85.5,94.0,459.0,7.1,4.56,7533.81,11.08,78.0,0
ORD_00498,98.3,33639.0,Ground,19.88,28.1,2326,90.8,89.2,663.0,20.0,4.98,11392.71,6.58,85.3,0
ORD_00499,98.6,36791.0,Ground,6.31,8.7,1179,95.6,92.6,325.0,20.0,5.77,6223.98,4.44,92.8,1
ORD_00500,90.2,6421.0,Sea,9.48,18.7,4306,96.1,87.3,375.0,5.47,20.97,8666.82,9.66,60.0,0
ORD_00501,85.5,47130.0,Ground,31.79,20.7,4663,88.8,82.9,731.0,20.0,5.4,23571.79,6.82,86.1,0
ORD_00502,79.0,7339.0,Air,5.0,10.2,2879,89.0,86.2,331.0,5.94,1.25,43222.21,11.06,69.4,0
ORD_00503,93.6,29358.0,Ground,19.58,25.6,2628,90.8,96.3,704.0,20.0,5.06,13355.94,6.31,91.2,1
ORD_00504,89.9,36908.0,Ground,23.29,28.5,913,90.4,94.8,679.0,20.0,5.08,4381.31,3.18,97.2,1
ORD_00505,74.7,44194.0,Ground,6.91,26.7,2131,83.0,90.6,359.0,20.0,5.1,10532.28,6.14,79.9,0
ORD_00506,96.4,37134.0,Sea,39.06,22.4,422,92.2,86.4,842.0,20.0,19.38,420.9,6.92,60.0,0
ORD_00507,93.9,41078.0,Sea,12.91,9.0,3069,91.8,89.3,418.0,20.0,20.63,6332.36,4.82,61.5,0
ORD_00508,97.5,20275.0,Ground,15.65,9.2,1003,89.0,87.7,357.0,15.49,5.07,5098.91,6.84,83.3,0
ORD_00509,91.0,41667.0,Sea,15.64,28.9,1641,90.0,90.8,556.0,20.0,19.64,3080.54,3.75,65.2,0
ORD_00510,87.8,8605.0,Air,13.06,1.3,3603,93.5,91.8,321.0,6.69,1.25,53695.22,8.72,87.4,0
ORD_00511,82.1,45267.0,Ground,5.05,21.8,2753,84.1,85.4,304.0,20.0,5.13,13821.36,6.42,90.8,1
ORD_00512,97.0,29642.0,Air,30.53,21.5,2576,90.5,93.1,785.0,20.0,0.8,38975.19,6.63,83.4,0
ORD_00513,95.1,41778.0,Sea,38.84,19.1,3440,93.0,93.5,870.0,20.0,20.44,6852.41,6.67,60.0,0
ORD_00514,71.3,25354.0,Ground,12.85,29.7,4343,82.4,85.9,631.0,18.5,5.12,21583.31,5.53,82.8,0
ORD_00515,70.8,33961.0,Air,28.21,10.0,1241,83.0,90.3,643.0,20.0,2.28,18427.59,6.92,82.9,0
ORD_00516,80.9,28688.0,Ground,30.97,10.9,949,86.1,94.6,603.0,20.0,5.04,4994.87,2.86,89.7,0
ORD_00517,93.5,37922.0,Ground,34.69,3.3,466,92.3,98.0,673.0,20.0,4.46,2174.15,3.72,98.9,1
ORD_00518,98.6,8673.0,Air,19.79,13.8,2997,93.3,94.6,557.0,5.18,0.9,44880.76,8.95,85.5,0
ORD_00519,74.4,7716.0,Sea,15.6,8.6,1189,79.6,89.7,455.0,4.68,19.8,2586.35,10.39,60.0,0
ORD_00520,87.2,16120.0,Sea,16.39,11.0,4141,89.0,90.2,395.0,11.76,19.86,8409.5,8.05,60.0,0
ORD_00521,81.0,12180.0,Ground,29.94,25.2,2138,88.6,95.1,706.0,8.4,4.72,10623.42,8.57,81.1,0
ORD_00522,98.1,44230.0,Sea,33.59,28.1,2960,95.7,89.2,772.0,20.0,20.06,5780.2,5.43,63.6,0
ORD_00523,94.4,14865.0,Ground,11.36,6.4,4370,87.3,94.2,402.0,11.71,4.7,22143.12,8.32,95.4,1
ORD_00524,94.3,48914.0,Sea,17.98,11.8,1954,93.2,91.5,495.0,20.0,20.13,3684.73,5.97,63.4,0
ORD_00525,83.6,20160.0,Ground,36.57,27.9,4783,84.9,95.7,831.0,14.98,4.74,23872.94,5.86,92.8,1
ORD_00526,82.0,13195.0,Ground,33.23,2.8,594,91.1,94.2,627.0,9.17,5.32,2668.82,8.96,80.2,0
ORD_00527,77.9,40536.0,Air,39.47,3.7,3282,86.0,89.8,715.0,20.0,1.34,49467.77,7.59,76.1,0
ORD_00528,71.6,34642.0,Sea,31.4,5.7,1884,84.9,88.8,568.0,20.0,20.62,3673.02,5.01,60.0,0
ORD_00529,95.1,27419.0,Ground,18.76,18.3,3610,92.8,94.6,529.0,20.0,5.33,17910.07,6.49,85.8,0
ORD_00530,93.6,29991.0,Air,25.67,5.4,3886,91.9,94.1,538.0,20.0,1.6,58422.33,4.3,97.7,1
ORD_00531,99.0,37364.0,Air,28.14,29.1,4230,99.0,93.1,851.0,20.0,1.4,63164.9,6.45,90.8,1
ORD_00532,98.9,15280.0,Ground,7.75,14.0,1098,97.4,94.5,295.0,10.91,4.24,5617.08,7.01,89.5,0
ORD_00533,86.1,49835.0,Ground,24.06,15.5,4569,89.1,94.8,500.0,20.0,5.71,22772.89,5.55,78.4,0
ORD_00534,92.3,48866.0,Ground,29.83,8.2,1551,90.9,86.4,560.0,20.0,4.66,7513.94,6.22,82.9,0
ORD_00535,97.4,34265.0,Sea,10.86,14.7,1851,88.7,94.0,335.0,20.0,20.05,3503.95,3.12,75.4,0
ORD_00536,94.6,13979.0,Air,32.32,20.2,2380,93.6,94.8,725.0,10.25,1.67,35563.16,9.61,78.8,0
ORD_00537,77.2,35610.0,Ground,25.43,22.8,4900,84.3,94.3,611.0,20.0,4.91,24411.19,3.96,95.5,1
ORD_00538,83.1,8249.0,Air,38.33,22.9,4758,89.0,88.3,899.0,4.68,2.18,71130.29,9.08,86.7,0
ORD_00539,73.7,6379.0,Sea,6.48,17.8,3034,85.8,90.0,284.0,5.1,19.39,6126.9,9.33,60.0,0
ORD_00540,97.7,16596.0,Sea,14.29,27.2,3834,97.6,95.0,533.0,11.15,20.87,7423.06,9.94,60.0,0
ORD_00541,87.6,25818.0,Ground,26.05,24.7,3446,90.4,94.6,788.0,19.24,5.34,16756.98,3.79,90.6,1
ORD_00542,76.6,44072.0,Ground,15.38,23.0,1973,81.3,90.2,542.0,20.0,4.88,10248.92,5.65,84.1,0
ORD_00543,89.5,37723.0,Ground,30.0,2.6,4634,83.8,84.4,594.0,20.0,4.88,23209.59,5.22,75.9,0
ORD_00544,87.9,38422.0,Ground,31.57,1.2,3903,87.1,91.6,676.0,20.0,3.89,19916.9,4.3,88.4,0
ORD_00545,80.4,24147.0,Sea,8.59,7.2,2079,90.2,98.0,348.0,18.27,19.58,3949.27,3.22,70.1,0
ORD_00546,73.3,20567.0,Ground,22.98,20.2,798,88.5,93.4,635.0,14.93,4.82,4085.96,6.83,75.5,0
ORD_00547,89.5,21697.0,Ground,22.81,12.9,1412,89.6,97.9,530.0,15.15,5.09,7238.92,5.61,81.3,0
ORD_00548,85.1,49444.0,Ground,17.92,12.7,3062,83.9,93.5,469.0,20.0,5.63,15272.13,3.84,84.2,0
ORD_00549,92.4,6805.0,Sea,37.65,26.7,3038,89.6,96.8,874.0,3.81,21.02,5787.11,10.21,60.0,0
ORD_00550,85.1,44016.0,Ground,33.96,27.0,4887,91.7,93.3,805.0,20.0,5.14,24382.1,5.98,86.8,0
ORD_00551,94.7,31040.0,Air,29.4,27.4,2400,90.8,93.9,771.0,20.0,1.6,36125.28,5.32,96.6,1
ORD_00552,86.0,24738.0,Ground,30.0,10.1,3297,90.5,92.7,648.0,18.95,4.75,16602.64,6.58,82.7,0
ORD_00553,86.3,37637.0,Sea,21.16,21.0,226,89.3,91.3,523.0,20.0,19.14,451.67,4.96,69.2,0
ORD_00554,95.4,26900.0,Air,37.23,8.9,1291,95.1,96.2,811.0,18.55,1.2,19544.46,5.32,98.3,1
ORD_00555,81.7,44304.0,Ground,29.31,6.5,2739,92.2,90.2,612.0,20.0,4.9,13865.02,5.13,85.6,0
ORD_00556,73.9,45532.0,Air,30.51,6.4,4489,85.0,97.3,595.0,20.0,1.99,67230.27,2.9,99.7,1
ORD_00557,70.8,23977.0,Ground,35.16,10.9,4016,82.3,85.1,726.0,17.2,5.26,19775.92,7.29,77.9,0
ORD_00558,91.9,17457.0,Ground,14.59,13.5,1466,97.1,97.2,473.0,13.47,5.11,7368.09,6.53,80.1,0
ORD_00559,88.0,31656.0,Ground,33.25,25.1,1119,90.6,97.2,726.0,20.0,4.71,5445.67,4.38,86.8,0
ORD_00560,90.4,46056.0,Ground,11.83,4.5,4179,88.3,90.2,308.0,20.0,4.01,20923.75,5.84,87.5,0
ORD_00561,76.2,14480.0,Ground,17.09,22.3,4614,86.3,85.8,476.0,10.54,4.04,23339.11,10.38,74.4,0
ORD_00562,74.0,33033.0,Ground,16.75,16.4,4639,84.6,94.2,615.0,20.0,4.17,23282.5,4.66,93.3,1
ORD_00563,70.4,33420.0,Sea,39.25,9.4,784,80.8,89.1,770.0,20.0,19.85,1827.25,4.68,60.0,0
ORD_00564,80.2,37990.0,Ground,34.98,15.3,3729,84.5,92.8,688.0,20.0,5.5,18442.7,4.83,78.5,0
ORD_00565,87.1,10921.0,Sea,29.54,9.7,2987,88.3,90.5,801.0,6.37,20.48,6191.49,9.38,60.0,0
ORD_00566,81.4,37212.0,Ground,30.45,18.3,1562,85.0,96.7,676.0,20.0,5.4,8145.32,5.48,88.0,0
ORD_00567,82.7,45906.0,Air,24.67,13.6,4186,86.4,81.8,568.0,20.0,1.24,62802.86,6.84,77.8,0
ORD_00568,96.2,13086.0,Ground,38.15,5.8,2361,90.8,93.3,712.0,9.32,5.57,12269.41,7.07,83.9,0
ORD_00569,80.1,15689.0,Ground,22.37,4.4,4280,87.2,95.9,428.0,11.54,4.53,21228.51,7.96,86.9,0
ORD_00570,84.9,48713.0,Ground,18.32,16.9,2941,89.1,91.6,522.0,20.0,5.43,14577.23,5.9,91.8,1
ORD_00571,92.7,13144.0,Air,10.71,27.2,1867,92.8,93.7,367.0,10.18,0.66,28134.99,8.0,95.0,1
ORD_00572,81.5,43447.0,Air,32.52,11.0,4280,86.5,88.5,730.0,20.0,0.91,64210.89,6.67,84.7,0
ORD_00573,88.0,27153.0,Sea,30.71,22.3,3660,89.1,91.3,682.0,20.0,20.83,7171.42,6.43,60.0,0
ORD_00574,95.0,16125.0,Ground,18.45,20.1,2212,97.1,87.3,517.0,11.66,4.9,11183.82,8.03,75.8,0
ORD_00575,97.5,44184.0,Sea,5.88,28.0,4858,94.1,90.1,450.0,20.0,19.66,9787.11,4.59,69.7,0
ORD_00576,74.3,25039.0,Ground,34.36,24.8,726,87.2,87.4,804.0,18.85,5.55,3512.74,6.23,79.7,0
ORD_00577,96.9,28167.0,Ground,5.4,17.4,4259,90.6,94.4,312.0,20.0,5.61,21332.81,5.38,86.0,0
ORD_00578,84.3,21166.0,Ground,29.63,20.1,3514,89.7,89.1,654.0,15.72,4.78,17721.81,6.81,79.6,0
ORD_00579,77.5,31683.0,Ground,38.96,27.1,1475,82.7,86.8,1006.0,20.0,5.14,7253.31,5.0,92.4,1
ORD_00580,83.3,12359.0,Ground,20.32,12.6,1281,85.8,88.5,532.0,9.04,5.07,6508.4,9.17,71.9,0
ORD_00581,98.4,22599.0,Ground,13.22,10.5,590,93.1,89.6,328.0,17.49,3.59,2776.59,4.28,89.7,0
ORD_00582,84.3,48624.0,Air,29.67,1.3,3829,86.5,91.4,564.0,20.0,0.8,57300.24,4.97,98.4,1
ORD_00583,79.5,16616.0,Ground,33.6,25.0,3634,84.4,91.0,746.0,11.48,5.47,18392.32,8.75,87.4,0
ORD_00584,88.4,34553.0,Ground,24.13,24.2,3396,93.4,96.0,742.0,20.0,4.58,17102.75,5.51,84.5,0
ORD_00585,77.0,19634.0,Sea,38.85,4.0,2040,84.8,92.3,725.0,14.31,20.26,3702.63,3.11,72.6,0
ORD_00586,72.2,39806.0,Sea,6.81,17.7,4508,83.2,91.3,295.0,20.0,20.13,8941.16,5.11,60.4,0
ORD_00587,73.7,10889.0,Ground,22.67,14.5,1982,81.8,87.3,591.0,7.77,5.61,10007.94,10.17,80.6,0
ORD_00588,73.7,48642.0,Ground,30.15,4.4,3087,85.7,88.4,574.0,20.0,4.32,15462.77,4.56,95.9,1
ORD_00589,74.4,25421.0,Ground,35.19,29.4,3259,84.5,86.1,799.0,19.75,5.2,16418.64,5.79,78.1,0
ORD_00590,74.0,15622.0,Ground,11.27,7.2,4875,82.4,85.3,346.0,11.54,4.97,24398.2,9.95,77.5,0
ORD_00591,88.6,8307.0,Sea,33.0,2.9,4630,85.1,90.6,636.0,5.59,19.61,9233.48,9.25,61.4,0
ORD_00592,75.3,12639.0,Ground,24.34,18.3,781,84.5,86.7,668.0,8.66,4.6,3872.37,10.99,71.8,0
ORD_00593,80.0,28390.0,Ground,18.88,22.4,1173,87.7,96.6,566.0,20.0,5.11,6083.24,3.77,93.7,1
ORD_00594,96.0,20165.0,Air,9.61,1.9,2487,90.3,91.4,265.0,15.51,1.81,37443.99,8.04,88.3,0
ORD_00595,83.7,42300.0,Ground,35.29,20.1,2494,86.8,96.4,798.0,20.0,5.03,12550.95,4.58,99.4,1
ORD_00596,89.4,24390.0,Ground,10.5,16.4,2793,91.8,94.4,469.0,18.54,5.05,13982.77,4.4,79.1,0
ORD_00597,75.0,16192.0,Sea,15.84,4.0,1470,79.0,84.6,354.0,12.23,19.75,2830.24,10.06,60.0,0
ORD_00598,75.6,32772.0,Ground,15.15,6.0,4844,82.1,88.5,399.0,20.0,4.78,24158.65,4.52,80.4,0
ORD_00599,71.2,36805.0,Ground,35.5,17.5,4440,83.2,82.4,803.0,20.0,4.6,22412.93,5.84,81.9,0
ORD_00600,74.9,12517.0,Sea,28.54,9.6,2256,87.0,91.2,622.0,8.57,19.74,4706.1,9.24,60.0,0
ORD_00601,78.1,12543.0,Air,32.88,28.2,2680,91.7,89.3,802.0,8.78,1.8,40070.29,9.04,81.2,0
ORD_00602,75.1,6650.0,Ground,13.77,24.7,4491,89.7,86.9,510.0,3.89,5.35,22474.98,11.07,67.7,0
ORD_00603,72.6,38138.0,Air,26.87,29.5,2259,83.1,95.2,735.0,20.0,0.86,33984.69,4.36,96.3,1
ORD_00604,73.5,34871.0,Ground,25.01,8.5,3348,81.6,92.7,641.0,20.0,4.55,16826.64,3.9,95.3,1
ORD_00605,83.4,26358.0,Sea,34.15,29.1,3831,90.3,95.6,822.0,19.98,19.64,7747.1,4.01,66.4,0
ORD_00606,76.0,42988.0,Ground,36.71,13.5,3929,82.6,92.0,713.0,20.0,4.97,19422.59,6.52,91.0,1
ORD_00607,80.6,41255.0,Sea,5.43,11.1,1727,84.0,84.4,270.0,20.0,19.16,3219.7,5.0,67.8,0
ORD_00608,84.6,31341.0,Ground,28.59,2.5,3572,87.2,88.9,545.0,20.0,4.56,18094.04,7.31,91.8,1
ORD_00609,90.0,44072.0,Sea,6.81,2.5,127,89.2,89.9,232.0,20.0,19.31,555.81,5.84,64.9,0
ORD_00610,71.1,14263.0,Ground,24.21,21.1,2085,83.3,82.3,609.0,10.03,5.2,10128.7,9.05,74.2,0
ORD_00611,93.2,10036.0,Sea,15.07,14.3,4253,90.1,89.3,446.0,7.26,19.99,8500.45,7.42,60.0,0
ORD_00612,88.2,17139.0,Air,15.74,7.6,1621,89.9,89.3,403.0,13.05,1.27,24477.81,5.82,85.8,0
ORD_00613,72.4,7569.0,Sea,17.35,18.8,396,87.4,91.1,556.0,4.9,19.47,351.24,9.51,60.0,0
ORD_00614,95.3,28903.0,Ground,26.75,8.3,2281,93.3,98.0,572.0,20.0,4.78,11190.33,3.82,91.4,1
ORD_00615,96.7,47147.0,Ground,16.69,17.8,3502,98.1,94.2,498.0,20.0,4.72,17491.56,4.98,99.9,1
ORD_00616,71.8,6770.0,Sea,30.64,11.4,2396,85.9,90.6,677.0,3.81,20.82,4672.55,11.99,60.0,0
ORD_00617,78.0,10495.0,Ground,19.16,24.9,2697,86.9,89.4,630.0,5.84,5.5,13526.83,10.37,65.4,0
ORD_00618,93.4,25349.0,Sea,7.39,24.8,1001,91.0,94.8,360.0,19.16,19.65,2296.1,4.91,69.4,0
ORD_00619,91.7,47024.0,Air,32.43,14.8,1198,94.4,88.7,643.0,20.0,1.58,17799.44,6.91,89.8,0
ORD_00620,75.4,19227.0,Ground,15.0,11.2,1777,83.2,96.7,499.0,14.36,5.47,8895.05,6.34,83.0,0
ORD_00621,76.1,27826.0,Ground,20.15,11.5,2981,84.2,89.0,530.0,20.0,4.65,14836.04,7.25,92.2,1
ORD_00622,80.7,6871.0,Air,28.99,24.4,4966,87.3,89.0,719.0,4.36,0.79,74517.27,9.67,73.1,0
ORD_00623,84.1,11675.0,Ground,16.64,10.5,1478,87.8,94.6,435.0,9.03,4.1,7391.16,6.95,91.5,1
ORD_00624,87.9,49398.0,Air,6.98,7.1,1348,87.4,87.0,242.0,20.0,2.14,20747.44,3.95,89.8,0
ORD_00625,80.7,48430.0,Ground,18.09,3.5,3835,81.7,91.5,410.0,20.0,4.9,19472.92,5.17,81.6,0
ORD_00626,83.4,5222.0,Ground,38.06,14.5,4341,90.4,97.3,739.0,2.84,5.15,21388.81,8.32,94.0,1
ORD_00627,91.7,47832.0,Ground,27.46,15.0,1364,93.0,91.6,674.0,20.0,4.71,6639.97,4.02,92.7,1
ORD_00628,71.1,33760.0,Ground,28.5,25.4,2007,76.8,95.1,739.0,20.0,4.37,9879.43,5.77,86.0,0
ORD_00629,77.3,44056.0,Ground,27.13,7.4,1158,82.6,91.5,577.0,20.0,4.46,5543.14,3.56,88.7,0
ORD_00630,90.7,25463.0,Ground,11.96,12.0,2849,91.3,94.6,331.0,18.99,4.33,13971.33,5.22,89.8,0
ORD_00631,96.0,28202.0,Air,19.64,24.4,2148,94.5,98.0,616.0,20.0,1.92,32184.33,4.22,93.1,1
ORD_00632,84.8,26998.0,Sea,31.28,24.9,4348,83.6,95.8,725.0,19.58,20.75,8548.06,4.85,71.5,0
ORD_00633,85.4,35009.0,Sea,8.55,12.2,2576,88.2,91.9,291.0,20.0,20.02,4973.84,6.6,61.5,0
ORD_00634,73.1,11284.0,Ground,14.72,14.3,4116,84.5,92.8,440.0,7.87,4.24,20984.09,7.9,87.5,0
ORD_00635,83.0,6349.0,Ground,14.67,9.8,4703,86.3,95.8,524.0,3.61,5.25,23380.82,10.93,77.1,0
ORD_00636,85.4,18857.0,Sea,20.12,28.0,3297,89.2,86.6,635.0,14.34,20.63,6505.37,5.95,63.6,0
ORD_00637,77.0,36711.0,Air,39.31,4.4,4686,83.2,82.2,597.0,20.0,1.99,70438.29,7.32,89.5,0
ORD_00638,77.8,14083.0,Air,7.36,28.1,3653,87.7,90.5,403.0,9.61,1.49,54705.69,10.02,89.8,0
ORD_00639,80.9,35304.0,Ground,23.15,20.8,4540,84.0,82.4,648.0,20.0,4.88,22466.87,2.59,90.4,1
ORD_00640,70.6,48646.0,Ground,11.28,16.4,1861,78.3,86.2,344.0,20.0,4.98,9253.41,6.04,78.1,0
ORD_00641,79.3,9226.0,Air,38.97,1.9,320,85.8,91.3,742.0,6.16,2.11,5201.75,9.34,81.3,0
ORD_00642,76.1,35267.0,Ground,8.97,14.8,4918,80.0,86.9,361.0,20.0,5.38,24493.71,6.04,82.0,0
ORD_00643,79.5,24969.0,Sea,19.13,12.8,4723,79.5,87.2,539.0,18.8,19.81,9263.65,7.98,60.0,0
ORD_00644,73.5,44066.0,Sea,30.83,5.7,2988,86.3,86.2,580.0,20.0,19.79,6060.05,5.31,60.0,0
ORD_00645,95.8,12972.0,Ground,29.66,20.0,1764,90.2,94.7,673.0,9.46,4.76,8758.82,6.77,85.6,0
ORD_00646,87.2,36168.0,Air,19.8,29.2,4086,85.2,85.6,658.0,20.0,0.97,61837.8,6.24,82.9,0
ORD_00647,89.7,42715.0,Sea,17.13,17.3,4676,87.9,82.4,495.0,20.0,20.68,9194.62,7.77,60.0,0
ORD_00648,92.9,47508.0,Ground,18.92,21.7,3077,89.2,90.4,554.0,20.0,4.61,15731.75,6.0,76.3,0
ORD_00649,84.5,35746.0,Air,14.25,3.0,1971,87.6,94.3,416.0,20.0,1.75,29797.68,4.89,95.2,1
ORD_00650,72.5,27373.0,Air,12.19,13.1,1562,79.4,88.1,418.0,20.0,1.17,23353.73,5.56,91.6,1
ORD_00651,85.6,32803.0,Sea,21.91,4.4,444,90.0,86.8,364.0,20.0,19.76,887.3,3.97,63.0,0
ORD_00652,87.0,44101.0,Ground,14.4,18.8,144,91.1,92.3,506.0,20.0,4.94,514.02,5.74,90.5,1
ORD_00653,91.6,30677.0,Sea,15.06,28.2,2168,87.4,92.3,587.0,20.0,20.27,4228.31,5.85,60.0,0
ORD_00654,82.5,6367.0,Sea,27.99,20.2,1614,85.3,90.2,741.0,3.11,19.87,3150.31,9.84,60.0,0
ORD_00655,73.7,46893.0,Ground,38.9,3.2,2698,81.6,87.5,662.0,20.0,4.43,13521.57,5.41,85.3,0
ORD_00656,78.2,36029.0,Ground,26.13,11.3,1101,84.7,91.6,598.0,20.0,5.01,5222.46,4.21,84.5,0
ORD_00657,80.5,35443.0,Ground,7.69,17.0,1133,89.5,84.4,357.0,20.0,4.62,5727.3,7.21,77.4,0
ORD_00658,88.7,14705.0,Ground,7.65,12.7,2140,93.4,89.1,268.0,10.99,5.77,10670.83,7.97,75.7,0
ORD_00659,86.6,34650.0,Ground,38.3,25.2,373,96.4,88.5,923.0,20.0,4.87,1944.62,5.57,85.7,0
ORD_00660,80.3,22724.0,Ground,15.41,24.6,2747,79.3,93.2,516.0,16.71,4.67,13844.46,6.64,87.4,0
ORD_00661,98.6,34305.0,Ground,8.22,18.7,1879,91.6,94.9,431.0,20.0,5.99,9349.81,5.09,84.2,0
ORD_00662,87.6,9797.0,Sea,25.97,11.8,4576,94.8,93.9,547.0,6.1,20.37,9249.64,9.64,60.0,0
ORD_00663,76.9,34603.0,Ground,26.83,8.4,578,79.2,81.9,497.0,20.0,4.55,2872.56,6.89,80.3,0
ORD_00664,73.0,49974.0,Ground,27.7,4.1,615,88.2,93.8,536.0,20.0,4.6,3223.69,5.12,79.6,0
ORD_00665,74.4,7170.0,Ground,14.36,11.3,4386,83.9,94.9,417.0,4.68,5.24,21993.23,9.54,78.7,0
ORD_00666,77.1,48973.0,Ground,5.53,13.0,1291,85.3,92.1,260.0,20.0,5.02,6491.21,5.63,93.4,1
ORD_00667,74.7,23311.0,Ground,38.78,20.6,2768,79.8,87.8,693.0,17.1,5.45,13819.51,7.2,76.5,0
ORD_00668,75.4,44184.0,Ground,13.78,20.1,1511,82.6,91.4,487.0,20.0,4.67,7814.16,4.06,88.1,0
ORD_00669,78.3,40207.0,Ground,28.66,3.0,3380,90.5,92.8,573.0,20.0,5.35,16981.04,4.49,92.7,1
ORD_00670,75.0,30516.0,Air,29.73,12.5,371,83.6,93.0,680.0,20.0,0.5,5300.71,4.85,98.0,1
ORD_00671,96.0,38230.0,Ground,26.35,6.3,242,91.9,95.8,526.0,20.0,4.92,1115.61,5.09,88.6,0
ORD_00672,72.3,44533.0,Ground,15.95,5.5,3432,83.8,88.4,362.0,20.0,4.69,17114.28,7.33,80.9,0
ORD_00673,85.2,23186.0,Ground,14.49,25.0,887,87.8,88.1,589.0,17.15,4.77,4434.78,5.83,77.7,0
ORD_00674,81.9,19716.0,Sea,25.92,2.2,1781,87.9,89.2,428.0,15.24,19.95,3597.34,7.93,60.0,0
ORD_00675,98.5,35042.0,Ground,35.31,13.2,722,91.8,94.3,723.0,20.0,5.57,3421.16,4.29,81.6,0
ORD_00676,73.2,41353.0,Ground,38.14,5.9,3941,82.7,87.6,726.0,20.0,4.42,19691.4,7.23,71.1,0
ORD_00677,81.5,39303.0,Ground,8.71,26.5,3776,84.8,86.7,473.0,20.0,3.91,18817.18,7.91,85.5,0
ORD_00678,98.1,40902.0,Ground,10.42,17.2,2672,88.7,91.1,402.0,20.0,4.48,13576.95,3.59,91.9,1
ORD_00679,95.1,24601.0,Air,38.07,7.7,3360,94.2,97.4,687.0,18.26,2.01,50200.98,4.58,98.7,1
ORD_00680,93.7,41803.0,Ground,30.78,15.6,4812,88.5,91.5,745.0,20.0,4.18,24056.52,2.92,88.3,0
ORD_00681,77.5,10409.0,Ground,35.9,22.2,166,84.4,88.4,816.0,6.97,4.71,692.92,7.96,82.2,0
ORD_00682,75.0,29502.0,Ground,12.09,28.8,4386,86.5,91.6,428.0,20.0,5.42,22302.6,3.64,86.5,0
ORD_00683,89.4,5259.0,Air,25.57,7.4,4716,85.7,90.3,553.0,3.63,1.47,70991.32,10.98,77.8,0
ORD_00684,97.0,19606.0,Air,29.54,26.7,1240,95.4,85.7,780.0,13.78,2.06,18271.53,8.45,86.6,0
ORD_00685,86.1,21491.0,Ground,28.8,28.1,2414,87.9,93.5,855.0,15.59,3.98,11910.76,7.09,84.0,0
ORD_00686,86.6,22828.0,Sea,19.29,27.6,2632,86.1,91.8,630.0,16.39,19.84,5438.18,6.93,60.0,0
ORD_00687,78.1,36296.0,Ground,5.54,19.4,3680,91.2,92.0,264.0,20.0,5.67,18491.46,5.69,77.6,0
ORD_00688,92.3,22485.0,Ground,25.4,19.3,1287,91.5,96.3,563.0,16.13,4.44,6520.19,5.83,89.5,0
ORD_00689,75.4,25191.0,Air,13.86,12.7,4571,82.2,93.6,472.0,18.65,2.02,68603.17,5.23,96.8,1
ORD_00690,79.4,15689.0,Ground,20.76,22.8,4848,83.4,92.4,554.0,12.3,4.88,24430.24,8.47,76.3,0
ORD_00691,82.3,21796.0,Ground,38.52,16.4,3439,89.7,88.0,732.0,15.06,5.22,17351.2,7.29,83.7,0
ORD_00692,84.7,15227.0,Ground,18.97,20.6,648,86.3,86.9,600.0,10.87,5.63,3181.89,9.22,70.7,0
ORD_00693,77.0,8294.0,Ground,34.39,13.4,4187,86.9,94.9,700.0,5.65,5.21,20695.15,6.74,87.9,0
ORD_00694,73.3,32155.0,Air,11.6,22.2,172,83.0,81.5,499.0,20.0,1.2,2241.99,5.59,87.3,0
ORD_00695,87.7,35070.0,Air,28.54,24.9,298,92.8,91.9,682.0,20.0,1.78,4449.27,6.2,90.5,1
ORD_00696,78.4,32877.0,Ground,39.2,5.2,3301,82.1,90.5,804.0,20.0,4.67,16137.02,4.76,83.7,0
ORD_00697,86.9,25857.0,Air,8.57,25.2,1881,86.4,83.2,473.0,19.76,1.64,28265.2,5.19,89.7,0
ORD_00698,74.5,22090.0,Air,5.29,16.7,671,82.7,89.9,277.0,17.65,0.87,10003.39,6.87,85.4,0
ORD_00699,84.0,43850.0,Ground,20.18,25.5,890,87.2,94.3,524.0,20.0,5.01,4838.78,4.85,85.9,0
ORD_00700,85.4,28359.0,Sea,8.24,13.5,1738,87.4,84.6,447.0,20.0,20.59,3544.63,5.9,60.0,0
ORD_00701,71.5,26563.0,Ground,31.19,12.0,1931,90.1,98.0,653.0,20.0,4.85,9649.15,5.81,83.9,0
ORD_00702,79.8,6154.0,Ground,37.01,27.5,1955,92.1,88.2,837.0,3.02,5.55,9451.77,12.2,67.4,0
ORD_00703,73.9,20356.0,Ground,20.19,8.3,1274,84.2,91.8,538.0,14.41,6.55,6117.54,6.73,82.5,0
ORD_00704,71.8,22109.0,Sea,14.05,25.5,3840,83.6,88.9,562.0,15.77,19.99,7816.27,7.66,60.8,0
ORD_00705,98.7,22947.0,Ground,20.2,15.0,3377,93.7,93.1,582.0,17.09,5.31,16822.38,3.67,86.4,0
ORD_00706,79.3,31108.0,Air,30.32,15.9,278,82.6,83.8,677.0,20.0,1.74,4677.08,7.53,82.5,0
ORD_00707,93.5,29012.0,Ground,5.32,9.9,2344,91.5,97.1,353.0,20.0,5.11,11703.39,3.35,100.0,1
ORD_00708,77.4,32356.0,Air,25.63,17.6,4186,87.1,91.8,560.0,20.0,1.89,62823.78,3.78,94.5,1
ORD_00709,89.8,39420.0,Ground,26.47,10.4,834,94.3,98.0,553.0,20.0,4.88,3906.62,2.51,91.7,1
ORD_00710,92.0,41584.0,Ground,27.32,2.1,898,94.4,88.0,546.0,20.0,4.67,4679.49,3.94,79.4,0
ORD_00711,87.3,37316.0,Sea,13.47,8.9,887,84.7,88.9,432.0,20.0,19.24,1588.86,6.74,60.0,0
ORD_00712,83.7,47999.0,Ground,29.99,1.2,2895,86.8,91.2,592.0,20.0,4.83,14579.88,5.95,80.4,0
ORD_00713,81.9,5820.0,Ground,8.2,29.4,4404,82.5,89.1,454.0,2.99,5.45,22182.36,9.97,84.9,0
ORD_00714,80.1,13810.0,Sea,11.97,29.0,4688,89.6,94.0,488.0,10.71,19.53,9395.04,8.54,60.0,0
ORD_00715,97.0,5340.0,Air,35.71,12.5,3184,92.4,91.6,794.0,2.0,1.62,48111.39,10.07,81.8,0
ORD_00716,94.1,34136.0,Ground,30.86,22.1,3018,92.2,98.0,778.0,20.0,4.94,14967.86,4.62,91.9,1
ORD_00717,98.0,45411.0,Ground,5.48,11.0,831,95.5,93.6,227.0,20.0,4.69,4490.11,4.48,94.5,1
ORD_00718,73.6,15957.0,Ground,13.69,20.5,1229,91.4,80.5,424.0,12.15,4.07,5890.81,9.17,75.3,0
ORD_00719,91.2,46717.0,Ground,12.5,24.4,3546,91.8,92.5,455.0,20.0,5.68,17889.81,4.22,85.0,0
ORD_00720,97.2,7712.0,Sea,14.48,28.5,1705,93.0,97.6,511.0,4.31,20.26,3381.52,8.31,60.0,0
ORD_00721,75.3,47050.0,Ground,13.66,12.6,3878,80.1,84.4,457.0,20.0,6.33,19248.37,6.89,79.7,0
ORD_00722,71.9,20823.0,Ground,7.19,23.7,2845,86.7,86.4,419.0,16.43,5.54,13892.74,7.81,74.7,0
ORD_00723,91.5,9564.0,Ground,21.06,8.7,3270,90.6,88.4,514.0,6.97,5.67,16297.87,9.24,70.3,0
ORD_00724,86.7,26864.0,Sea,30.65,29.7,4789,94.0,88.6,807.0,19.88,19.13,9513.24,4.22,63.2,0
ORD_00725,94.4,16555.0,Sea,26.24,1.7,3033,95.8,91.6,519.0,12.49,19.12,6100.58,9.98,60.0,0
ORD_00726,74.1,17819.0,Sea,28.55,18.5,1315,81.9,92.3,597.0,12.99,20.02,2774.96,7.29,69.1,0
ORD_00727,93.1,18828.0,Air,7.84,20.1,424,87.7,96.8,418.0,13.74,0.93,6198.31,6.67,94.5,1
ORD_00728,75.8,41136.0,Ground,38.3,21.0,1950,84.9,80.0,814.0,20.0,4.66,10101.65,5.73,89.2,0
ORD_00729,74.7,29262.0,Air,34.35,4.5,1590,81.8,87.1,649.0,20.0,2.76,23742.29,7.15,86.3,0
ORD_00730,74.8,19009.0,Ground,33.18,28.2,993,83.8,90.5,800.0,13.87,5.59,5085.44,8.63,85.7,0
ORD_00731,93.6,32465.0,Air,33.8,6.3,1490,95.3,94.2,664.0,20.0,1.03,22368.03,3.17,99.1,1
ORD_00732,89.3,37227.0,Ground,37.64,19.1,3489,85.2,97.4,846.0,20.0,3.82,17405.26,4.28,95.8,1
ORD_00733,85.2,17268.0,Ground,24.05,7.5,4339,89.1,83.1,470.0,12.87,4.49,21703.01,8.49,66.4,0
ORD_00734,80.4,23610.0,Air,12.01,9.9,4579,88.5,80.6,372.0,18.1,1.22,68496.94,9.87,73.6,0
ORD_00735,95.4,10485.0,Ground,26.59,16.8,2363,95.4,98.0,611.0,7.18,4.84,11737.49,9.59,80.4,0
ORD_00736,81.4,13152.0,Ground,31.0,13.1,3532,82.5,91.9,736.0,10.53,4.36,17392.05,6.61,84.8,0
ORD_00737,93.7,35650.0,Ground,30.83,5.6,2471,93.4,90.4,552.0,20.0,5.56,12245.15,4.71,85.5,0
ORD_00738,82.7,13165.0,Air,23.25,6.0,3186,90.8,92.5,446.0,10.93,1.14,47696.67,6.96,91.1,1
ORD_00739,80.9,28632.0,Ground,7.4,13.1,4412,87.4,91.6,298.0,20.0,5.32,22229.04,5.63,87.3,0
ORD_00740,83.4,36907.0,Ground,17.99,23.0,1615,87.2,88.1,507.0,20.0,5.03,8008.61,7.35,84.8,0
ORD_00741,78.7,9809.0,Air,37.23,27.0,3017,88.9,91.7,864.0,5.58,1.97,45165.38,9.68,85.2,0
ORD_00742,91.7,30529.0,Air,25.46,3.4,2452,89.2,92.6,483.0,20.0,1.38,36824.01,5.61,97.3,1
ORD_00743,84.6,16545.0,Ground,23.84,12.4,1267,83.5,97.3,561.0,11.66,4.54,6371.17,6.25,93.2,1
ORD_00744,76.7,48332.0,Sea,14.41,3.9,210,83.9,93.2,398.0,20.0,19.7,301.79,5.51,65.1,0
ORD_00745,96.1,26760.0,Ground,17.9,1.5,4427,94.8,98.0,384.0,20.0,4.71,22213.85,3.83,100.0,1
ORD_00746,81.1,41270.0,Ground,36.34,20.2,3755,89.6,86.0,815.0,20.0,6.03,18739.27,4.46,90.7,1
ORD_00747,85.8,29760.0,Ground,28.33,18.5,3893,90.2,90.2,620.0,20.0,5.04,19346.47,5.9,80.2,0
ORD_00748,96.3,6954.0,Ground,32.56,5.7,1855,95.8,94.5,627.0,4.09,5.0,9175.9,9.59,80.6,0
ORD_00749,88.1,33492.0,Air,20.9,7.8,1677,92.8,84.8,455.0,20.0,1.94,25344.87,5.18,78.9,0
ORD_00750,73.4,47813.0,Ground,27.06,1.7,1396,82.0,93.4,553.0,20.0,5.0,6886.91,6.63,75.7,0
ORD_00751,97.3,32073.0,Sea,13.69,25.2,3874,93.3,95.2,469.0,20.0,20.56,7800.23,3.95,64.4,0
ORD_00752,88.2,41863.0,Ground,29.69,29.3,2320,93.6,91.3,736.0,20.0,4.81,11343.52,5.92,80.6,0
ORD_00753,79.7,44789.0,Sea,19.97,4.9,1072,82.2,88.1,455.0,20.0,19.76,2367.06,5.43,60.0,0
ORD_00754,74.0,15264.0,Ground,20.49,7.7,1130,84.6,94.6,568.0,10.03,4.51,5533.4,9.34,81.5,0
ORD_00755,93.0,14542.0,Air,27.73,26.2,2693,89.7,88.2,717.0,9.92,2.43,40475.06,8.55,88.2,0
ORD_00756,88.0,32494.0,Sea,37.77,27.9,4092,92.9,97.7,898.0,20.0,19.97,8133.69,2.67,77.1,0
ORD_00757,85.5,23496.0,Air,7.24,13.2,4713,88.4,89.9,361.0,18.36,0.91,70772.77,6.81,90.5,1
ORD_00758,95.9,42794.0,Ground,33.87,2.5,1013,93.2,95.6,653.0,20.0,5.1,5153.69,6.19,80.3,0
ORD_00759,92.9,45501.0,Air,15.23,2.1,2281,97.0,94.3,371.0,20.0,1.17,34186.07,4.43,91.8,1
ORD_00760,74.4,20904.0,Air,20.54,17.6,3297,80.3,97.0,544.0,15.09,1.31,49081.81,6.6,94.3,1
ORD_00761,79.0,15659.0,Ground,5.77,12.4,1562,86.2,86.6,282.0,12.29,5.16,8028.2,8.45,73.4,0
ORD_00762,77.2,40124.0,Ground,15.54,1.8,2478,84.2,87.2,310.0,20.0,5.76,12362.02,5.54,76.3,0
ORD_00763,91.6,17366.0,Ground,22.59,17.9,3554,92.8,86.5,607.0,13.81,5.05,17843.6,8.73,79.5,0
ORD_00764,71.0,42018.0,Ground,6.97,1.3,3653,87.7,86.3,238.0,20.0,4.64,18403.34,5.25,84.3,0
ORD_00765,86.5,24068.0,Air,22.19,23.8,1407,87.1,93.3,659.0,18.2,1.25,21013.57,5.57,90.8,1
ORD_00766,92.1,35040.0,Air,37.45,9.9,1289,87.9,97.2,716.0,20.0,1.83,19438.43,4.68,99.8,1
ORD_00767,95.4,9299.0,Ground,8.69,2.2,787,90.5,95.0,289.0,7.1,4.02,3785.48,8.84,87.2,0
ORD_00768,79.9,33074.0,Ground,31.76,18.1,4761,85.3,89.8,777.0,20.0,4.48,23882.51,4.75,96.1,1
ORD_00769,93.8,25330.0,Ground,19.34,12.5,1307,92.4,88.8,430.0,19.27,5.11,6538.94,7.96,76.2,0
ORD_00770,73.2,31397.0,Ground,27.93,29.2,1994,83.3,92.7,738.0,20.0,4.15,9885.5,6.35,87.8,0
ORD_00771,94.5,12561.0,Sea,14.11,16.8,1911,98.0,90.5,505.0,9.51,19.84,3831.4,9.56,60.0,0
ORD_00772,73.7,38159.0,Ground,10.58,9.0,3283,88.0,85.4,298.0,20.0,4.76,16203.96,7.62,81.0,0
ORD_00773,81.5,43826.0,Ground,10.62,21.6,3897,90.6,90.5,458.0,20.0,5.44,19546.81,5.5,78.9,0
ORD_00774,93.1,14753.0,Ground,7.47,8.9,1744,99.4,86.7,283.0,11.99,4.87,8802.56,8.03,71.8,0
ORD_00775,74.3,9307.0,Ground,11.5,27.2,4068,85.9,84.5,507.0,6.99,5.59,20409.13,9.13,74.5,0
ORD_00776,76.6,6064.0,Ground,28.25,11.9,2816,87.8,98.0,621.0,3.92,5.04,14380.43,8.42,78.1,0
ORD_00777,90.9,33889.0,Ground,35.86,16.9,290,93.3,86.4,811.0,20.0,5.89,1431.01,5.03,87.9,0
ORD_00778,90.9,32319.0,Ground,33.49,2.5,1435,92.8,87.7,571.0,20.0,4.31,7169.78,5.31,78.0,0
ORD_00779,88.6,29601.0,Ground,28.98,13.4,4903,91.1,92.2,596.0,20.0,5.81,24280.95,5.45,77.7,0
ORD_00780,90.1,15438.0,Sea,8.87,25.1,3206,89.4,91.8,507.0,11.36,19.79,6726.49,8.74,60.0,0
ORD_00781,85.7,22591.0,Sea,15.12,24.4,478,84.8,88.8,627.0,17.52,20.74,656.37,7.32,60.0,0
ORD_00782,77.3,31751.0,Sea,15.84,7.5,4582,84.4,81.5,397.0,20.0,20.59,9209.71,5.6,66.4,0
ORD_00783,80.0,27355.0,Ground,13.75,7.6,3929,87.7,94.1,452.0,20.0,3.57,19522.04,5.58,87.7,0
ORD_00784,75.3,49450.0,Ground,23.03,24.7,715,84.1,87.7,604.0,20.0,5.24,3587.46,7.0,77.7,0
ORD_00785,96.3,11140.0,Ground,23.74,28.0,2430,90.2,96.4,653.0,7.11,5.5,11888.39,8.15,83.9,0
ORD_00786,86.9,36282.0,Ground,17.49,3.8,1854,88.6,88.4,465.0,20.0,5.66,9448.33,6.93,84.9,0
ORD_00787,81.6,23194.0,Ground,17.38,14.1,563,86.1,94.1,513.0,17.28,4.41,2623.96,6.58,86.4,0
ORD_00788,83.4,24269.0,Ground,34.0,10.8,1066,87.3,95.8,777.0,17.39,5.3,5563.25,4.16,89.2,0
ORD_00789,97.5,37292.0,Ground,32.63,26.2,4367,95.3,91.5,823.0,20.0,5.1,21649.48,7.47,76.6,0
ORD_00790,74.4,36160.0,Ground,15.77,3.4,3258,85.6,93.5,313.0,20.0,5.22,16485.04,4.26,91.7,1
ORD_00791,87.0,49607.0,Air,36.98,7.1,3724,87.7,85.4,723.0,20.0,2.0,55693.81,7.15,91.4,1
ORD_00792,84.7,10778.0,Ground,38.35,22.8,789,91.0,92.9,918.0,7.17,5.58,3822.08,9.83,75.5,0
ORD_00793,87.7,9685.0,Air,16.44,2.5,2722,92.9,97.4,360.0,7.01,1.17,40829.63,7.06,86.3,0
ORD_00794,70.5,37595.0,Sea,17.4,15.3,2312,82.7,91.0,469.0,20.0,20.13,4454.41,5.53,63.6,0
ORD_00795,95.3,31027.0,Ground,22.7,13.8,482,94.9,98.0,575.0,20.0,5.02,2234.52,5.21,88.8,0
ORD_00796,97.0,17337.0,Air,37.94,10.7,2356,96.6,96.1,727.0,12.72,1.38,35172.73,5.53,86.7,0
ORD_00797,86.4,8574.0,Air,35.67,12.4,3910,85.6,88.5,749.0,5.03,1.43,58713.77,10.32,77.6,0
ORD_00798,90.2,8855.0,Ground,8.59,16.4,3603,93.8,98.0,363.0,6.14,5.1,18014.91,9.45,89.1,0
ORD_00799,96.8,45239.0,Ground,18.75,5.7,1512,91.2,98.0,402.0,20.0,4.7,7570.53,5.36,82.2,0
